model,size,maze,maze_seed,train_seed,phase,phase_step,env_steps,expert_epochs,elapsed_seconds,solved,optimal,path_len,shortest,looped
legacy_simple_ppo,small,small_00,100,7,ppo,0,0,0,0.0,False,False,0,30,False
legacy_simple_ppo,small,small_00,100,7,ppo,1,1024,0,0.4533,False,False,0,30,False
legacy_simple_ppo,small,small_00,100,7,ppo,2,2048,0,0.9442,False,False,12,30,True
legacy_simple_ppo,small,small_00,100,7,ppo,3,3072,0,1.4397,False,False,14,30,True
legacy_simple_ppo,small,small_00,100,7,ppo,4,4096,0,1.902,False,False,16,30,True
legacy_simple_ppo,small,small_00,100,7,ppo,5,5120,0,2.4076,False,False,14,30,True
legacy_simple_ppo,small,small_00,100,7,ppo,6,6144,0,2.9897,False,False,16,30,True
legacy_simple_ppo,small,small_00,100,7,ppo,7,7168,0,3.41,False,False,15,30,False
legacy_simple_ppo,small,small_00,100,7,ppo,8,8192,0,3.8854,False,False,16,30,True
legacy_simple_ppo,small,small_00,100,7,ppo,9,9216,0,4.3582,False,False,5,30,True
legacy_simple_ppo,small,small_00,100,7,ppo,10,10240,0,4.8846,False,False,16,30,True
legacy_simple_ppo,small,small_00,100,7,ppo,11,11264,0,5.3479,False,False,15,30,False
legacy_simple_ppo,small,small_00,100,7,ppo,12,12288,0,5.835,False,False,9,30,True
legacy_simple_ppo,small,small_00,100,7,ppo,13,13312,0,6.2926,False,False,3,30,True
legacy_simple_ppo,small,small_00,100,7,ppo,14,14336,0,6.745,False,False,10,30,True
legacy_simple_ppo,small,small_00,100,7,ppo,15,15360,0,7.2094,False,False,12,30,True
legacy_simple_ppo,small,small_00,100,7,ppo,16,16384,0,7.7202,False,False,15,30,True
legacy_simple_ppo,small,small_00,100,7,ppo,17,17408,0,8.2331,False,False,10,30,True
legacy_simple_ppo,small,small_00,100,7,ppo,18,18432,0,8.7025,False,False,9,30,True
legacy_simple_ppo,small,small_00,100,7,ppo,19,19456,0,9.1557,False,False,14,30,True
legacy_simple_ppo,small,small_00,100,7,ppo,20,20480,0,9.5909,False,False,14,30,True
legacy_simple_ppo,small,small_00,100,7,ppo,21,21504,0,10.0751,False,False,15,30,False
legacy_simple_ppo,small,small_00,100,7,ppo,22,22528,0,10.5328,False,False,14,30,True
legacy_simple_ppo,small,small_00,100,7,ppo,23,23552,0,10.9633,False,False,9,30,True
legacy_simple_ppo,small,small_00,100,7,ppo,24,24576,0,11.3985,False,False,12,30,True
legacy_simple_ppo,small,small_00,100,7,ppo,25,25600,0,11.8978,False,False,16,30,True
legacy_simple_ppo,small,small_00,100,7,ppo,26,26624,0,12.3398,False,False,12,30,True
legacy_simple_ppo,small,small_00,100,7,ppo,27,27648,0,12.7802,False,False,10,30,True
legacy_simple_ppo,small,small_00,100,7,ppo,28,28672,0,13.3039,False,False,10,30,True
legacy_simple_ppo,small,small_00,100,7,ppo,29,29696,0,13.7491,False,False,7,30,True
legacy_simple_ppo,small,small_00,100,7,ppo,30,30720,0,14.1734,False,False,12,30,True
legacy_simple_ppo,small,small_00,100,7,ppo,31,31744,0,14.6082,False,False,15,30,True
legacy_simple_ppo,small,small_00,100,7,ppo,32,32768,0,15.0249,False,False,12,30,True
legacy_simple_ppo,small,small_00,100,7,ppo,33,33792,0,15.4819,False,False,9,30,True
legacy_simple_ppo,small,small_00,100,7,ppo,34,34816,0,15.9141,False,False,12,30,True
legacy_simple_ppo,small,small_00,100,7,ppo,35,35840,0,16.3564,False,False,12,30,True
legacy_simple_ppo,small,small_00,100,7,ppo,36,36864,0,16.7896,False,False,15,30,True
legacy_simple_ppo,small,small_00,100,7,ppo,37,37888,0,17.259,False,False,16,30,True
legacy_simple_ppo,small,small_00,100,7,ppo,38,38912,0,17.7197,False,False,12,30,True
legacy_simple_ppo,small,small_00,100,7,ppo,39,39936,0,18.1797,False,False,15,30,True
legacy_simple_ppo,small,small_00,100,7,ppo,40,40960,0,18.6428,False,False,12,30,True
compact_ppo,small,small_00,100,7,bc,0,0,0,0.0,False,False,16,30,True
compact_ppo,small,small_00,100,7,bc,1,0,1,0.0069,True,True,30,30,False
compact_ppo,small,small_00,100,7,bc,50,0,50,0.1487,True,True,30,30,False
compact_ppo,small,small_00,100,7,bc,100,0,100,0.3305,True,True,30,30,False
compact_ppo,small,small_00,100,7,bc,150,0,150,0.4926,True,True,30,30,False
compact_ppo,small,small_00,100,7,bc,200,0,200,0.6453,True,True,30,30,False
compact_ppo,small,small_00,100,7,bc,250,0,250,0.8288,True,True,30,30,False
compact_ppo,small,small_00,100,7,bc,300,0,300,1.0055,True,True,30,30,False
compact_ppo,small,small_00,100,7,bc,350,0,350,1.1459,True,True,30,30,False
compact_ppo,small,small_00,100,7,bc,400,0,400,1.2907,True,True,30,30,False
compact_ppo,small,small_00,100,7,bc,450,0,450,1.4602,True,True,30,30,False
compact_ppo,small,small_00,100,7,bc,500,0,500,1.6833,True,True,30,30,False
compact_ppo,small,small_00,100,7,bc,550,0,550,1.8916,True,True,30,30,False
compact_ppo,small,small_00,100,7,bc,600,0,600,2.0693,True,True,30,30,False
compact_ppo,small,small_00,100,7,bc,650,0,650,2.2236,True,True,30,30,False
compact_ppo,small,small_00,100,7,bc,700,0,700,2.377,True,True,30,30,False
compact_ppo,small,small_00,100,7,bc,750,0,750,2.5234,True,True,30,30,False
compact_ppo,small,small_00,100,7,bc,800,0,800,2.6624,True,True,30,30,False
compact_ppo,small,small_00,100,7,bc,850,0,850,2.8089,True,True,30,30,False
compact_ppo,small,small_00,100,7,bc,900,0,900,2.9555,True,True,30,30,False
compact_ppo,small,small_00,100,7,bc,950,0,950,3.0981,True,True,30,30,False
compact_ppo,small,small_00,100,7,bc,1000,0,1000,3.2387,True,True,30,30,False
compact_ppo,small,small_00,100,7,ppo,1,512,1000,3.4766,True,True,30,30,False
compact_ppo,small,small_00,100,7,ppo,2,1024,1000,3.7116,True,True,30,30,False
compact_ppo,small,small_00,100,7,ppo,3,1536,1000,3.9682,True,True,30,30,False
compact_ppo,small,small_00,100,7,ppo,4,2048,1000,4.2346,True,True,30,30,False
compact_ppo,small,small_00,100,7,ppo,5,2560,1000,4.493,True,True,30,30,False
compact_ppo,small,small_00,100,7,ppo,6,3072,1000,4.735,True,True,30,30,False
compact_ppo,small,small_00,100,7,ppo,7,3584,1000,5.0329,True,True,30,30,False
compact_ppo,small,small_00,100,7,ppo,8,4096,1000,5.2763,True,True,30,30,False
compact_ppo,small,small_00,100,7,ppo,9,4608,1000,5.5216,True,True,30,30,False
compact_ppo,small,small_00,100,7,ppo,10,5120,1000,5.7639,True,True,30,30,False
legacy_simple_ppo,small,small_00,100,17,ppo,0,0,0,0.0,False,False,14,30,False
legacy_simple_ppo,small,small_00,100,17,ppo,1,1024,0,0.4683,False,False,16,30,True
legacy_simple_ppo,small,small_00,100,17,ppo,2,2048,0,0.9149,False,False,16,30,True
legacy_simple_ppo,small,small_00,100,17,ppo,3,3072,0,1.3895,False,False,16,30,True
legacy_simple_ppo,small,small_00,100,17,ppo,4,4096,0,1.8392,False,False,16,30,True
legacy_simple_ppo,small,small_00,100,17,ppo,5,5120,0,2.2852,False,False,10,30,True
legacy_simple_ppo,small,small_00,100,17,ppo,6,6144,0,2.7232,False,False,15,30,True
legacy_simple_ppo,small,small_00,100,17,ppo,7,7168,0,3.1494,False,False,16,30,True
legacy_simple_ppo,small,small_00,100,17,ppo,8,8192,0,3.6011,False,False,15,30,True
legacy_simple_ppo,small,small_00,100,17,ppo,9,9216,0,4.052,False,False,7,30,True
legacy_simple_ppo,small,small_00,100,17,ppo,10,10240,0,4.5392,False,False,16,30,True
legacy_simple_ppo,small,small_00,100,17,ppo,11,11264,0,4.9671,False,False,13,30,True
legacy_simple_ppo,small,small_00,100,17,ppo,12,12288,0,5.4082,False,False,13,30,True
legacy_simple_ppo,small,small_00,100,17,ppo,13,13312,0,5.8411,False,False,9,30,True
legacy_simple_ppo,small,small_00,100,17,ppo,14,14336,0,6.2959,False,False,11,30,True
legacy_simple_ppo,small,small_00,100,17,ppo,15,15360,0,6.6887,False,False,16,30,True
legacy_simple_ppo,small,small_00,100,17,ppo,16,16384,0,7.0537,False,False,13,30,True
legacy_simple_ppo,small,small_00,100,17,ppo,17,17408,0,7.4409,False,False,16,30,True
legacy_simple_ppo,small,small_00,100,17,ppo,18,18432,0,7.8333,False,False,13,30,True
legacy_simple_ppo,small,small_00,100,17,ppo,19,19456,0,8.2453,False,False,14,30,True
legacy_simple_ppo,small,small_00,100,17,ppo,20,20480,0,8.6245,False,False,16,30,True
legacy_simple_ppo,small,small_00,100,17,ppo,21,21504,0,9.0043,False,False,13,30,True
legacy_simple_ppo,small,small_00,100,17,ppo,22,22528,0,9.4623,False,False,16,30,True
legacy_simple_ppo,small,small_00,100,17,ppo,23,23552,0,9.8809,False,False,12,30,True
legacy_simple_ppo,small,small_00,100,17,ppo,24,24576,0,10.3133,False,False,16,30,True
legacy_simple_ppo,small,small_00,100,17,ppo,25,25600,0,10.6901,False,False,13,30,True
legacy_simple_ppo,small,small_00,100,17,ppo,26,26624,0,11.0794,False,False,9,30,True
legacy_simple_ppo,small,small_00,100,17,ppo,27,27648,0,11.4498,False,False,13,30,True
legacy_simple_ppo,small,small_00,100,17,ppo,28,28672,0,11.8412,False,False,16,30,True
legacy_simple_ppo,small,small_00,100,17,ppo,29,29696,0,12.2661,False,False,13,30,True
legacy_simple_ppo,small,small_00,100,17,ppo,30,30720,0,12.6558,False,False,12,30,True
legacy_simple_ppo,small,small_00,100,17,ppo,31,31744,0,13.0187,False,False,16,30,True
legacy_simple_ppo,small,small_00,100,17,ppo,32,32768,0,13.3887,False,False,13,30,True
legacy_simple_ppo,small,small_00,100,17,ppo,33,33792,0,13.7792,False,False,16,30,True
legacy_simple_ppo,small,small_00,100,17,ppo,34,34816,0,14.1577,False,False,15,30,True
legacy_simple_ppo,small,small_00,100,17,ppo,35,35840,0,14.5481,False,False,10,30,True
legacy_simple_ppo,small,small_00,100,17,ppo,36,36864,0,14.9622,False,False,14,30,True
legacy_simple_ppo,small,small_00,100,17,ppo,37,37888,0,15.3774,False,False,14,30,True
legacy_simple_ppo,small,small_00,100,17,ppo,38,38912,0,15.8217,False,False,11,30,True
legacy_simple_ppo,small,small_00,100,17,ppo,39,39936,0,16.2274,False,False,13,30,True
legacy_simple_ppo,small,small_00,100,17,ppo,40,40960,0,16.6173,False,False,14,30,True
compact_ppo,small,small_00,100,17,bc,0,0,0,0.0,False,False,4,30,True
compact_ppo,small,small_00,100,17,bc,1,0,1,0.004,True,True,30,30,False
compact_ppo,small,small_00,100,17,bc,50,0,50,0.1138,True,True,30,30,False
compact_ppo,small,small_00,100,17,bc,100,0,100,0.2323,True,True,30,30,False
compact_ppo,small,small_00,100,17,bc,150,0,150,0.3639,True,True,30,30,False
compact_ppo,small,small_00,100,17,bc,200,0,200,0.5028,True,True,30,30,False
compact_ppo,small,small_00,100,17,bc,250,0,250,0.6286,True,True,30,30,False
compact_ppo,small,small_00,100,17,bc,300,0,300,0.7573,True,True,30,30,False
compact_ppo,small,small_00,100,17,bc,350,0,350,0.8717,True,True,30,30,False
compact_ppo,small,small_00,100,17,bc,400,0,400,1.0056,True,True,30,30,False
compact_ppo,small,small_00,100,17,bc,450,0,450,1.1333,True,True,30,30,False
compact_ppo,small,small_00,100,17,bc,500,0,500,1.2512,True,True,30,30,False
compact_ppo,small,small_00,100,17,bc,550,0,550,1.3729,True,True,30,30,False
compact_ppo,small,small_00,100,17,bc,600,0,600,1.5019,True,True,30,30,False
compact_ppo,small,small_00,100,17,bc,650,0,650,1.6336,True,True,30,30,False
compact_ppo,small,small_00,100,17,bc,700,0,700,1.7683,True,True,30,30,False
compact_ppo,small,small_00,100,17,bc,750,0,750,1.8912,True,True,30,30,False
compact_ppo,small,small_00,100,17,bc,800,0,800,2.0251,True,True,30,30,False
compact_ppo,small,small_00,100,17,bc,850,0,850,2.1481,True,True,30,30,False
compact_ppo,small,small_00,100,17,bc,900,0,900,2.2614,True,True,30,30,False
compact_ppo,small,small_00,100,17,bc,950,0,950,2.3712,True,True,30,30,False
compact_ppo,small,small_00,100,17,bc,1000,0,1000,2.5024,True,True,30,30,False
compact_ppo,small,small_00,100,17,ppo,1,512,1000,2.7249,True,True,30,30,False
compact_ppo,small,small_00,100,17,ppo,2,1024,1000,2.9483,True,True,30,30,False
compact_ppo,small,small_00,100,17,ppo,3,1536,1000,3.1796,True,True,30,30,False
compact_ppo,small,small_00,100,17,ppo,4,2048,1000,3.4124,True,True,30,30,False
compact_ppo,small,small_00,100,17,ppo,5,2560,1000,3.6217,True,True,30,30,False
compact_ppo,small,small_00,100,17,ppo,6,3072,1000,3.86,True,True,30,30,False
compact_ppo,small,small_00,100,17,ppo,7,3584,1000,4.1046,True,True,30,30,False
compact_ppo,small,small_00,100,17,ppo,8,4096,1000,4.3626,True,True,30,30,False
compact_ppo,small,small_00,100,17,ppo,9,4608,1000,4.6031,True,True,30,30,False
compact_ppo,small,small_00,100,17,ppo,10,5120,1000,4.856,True,True,30,30,False
legacy_simple_ppo,small,small_01,101,7,ppo,0,0,0,0.0,False,False,0,60,False
legacy_simple_ppo,small,small_01,101,7,ppo,1,1024,0,0.4357,False,False,0,60,False
legacy_simple_ppo,small,small_01,101,7,ppo,2,2048,0,0.8686,False,False,14,60,True
legacy_simple_ppo,small,small_01,101,7,ppo,3,3072,0,1.2701,False,False,12,60,True
legacy_simple_ppo,small,small_01,101,7,ppo,4,4096,0,1.6355,False,False,16,60,True
legacy_simple_ppo,small,small_01,101,7,ppo,5,5120,0,2.0391,False,False,12,60,True
legacy_simple_ppo,small,small_01,101,7,ppo,6,6144,0,2.4735,False,False,15,60,True
legacy_simple_ppo,small,small_01,101,7,ppo,7,7168,0,2.9177,False,False,9,60,True
legacy_simple_ppo,small,small_01,101,7,ppo,8,8192,0,3.4138,False,False,15,60,True
legacy_simple_ppo,small,small_01,101,7,ppo,9,9216,0,3.8409,False,False,11,60,True
legacy_simple_ppo,small,small_01,101,7,ppo,10,10240,0,4.2266,False,False,16,60,True
legacy_simple_ppo,small,small_01,101,7,ppo,11,11264,0,4.6226,False,False,11,60,True
legacy_simple_ppo,small,small_01,101,7,ppo,12,12288,0,5.0068,False,False,16,60,True
legacy_simple_ppo,small,small_01,101,7,ppo,13,13312,0,5.3846,False,False,12,60,True
legacy_simple_ppo,small,small_01,101,7,ppo,14,14336,0,5.7525,False,False,16,60,True
legacy_simple_ppo,small,small_01,101,7,ppo,15,15360,0,6.1505,False,False,13,60,True
legacy_simple_ppo,small,small_01,101,7,ppo,16,16384,0,6.5488,False,False,13,60,True
legacy_simple_ppo,small,small_01,101,7,ppo,17,17408,0,6.9366,False,False,16,60,True
legacy_simple_ppo,small,small_01,101,7,ppo,18,18432,0,7.3446,False,False,12,60,True
legacy_simple_ppo,small,small_01,101,7,ppo,19,19456,0,7.7407,False,False,16,60,True
legacy_simple_ppo,small,small_01,101,7,ppo,20,20480,0,8.1539,False,False,13,60,True
legacy_simple_ppo,small,small_01,101,7,ppo,21,21504,0,8.5531,False,False,16,60,True
legacy_simple_ppo,small,small_01,101,7,ppo,22,22528,0,8.9696,False,False,12,60,True
legacy_simple_ppo,small,small_01,101,7,ppo,23,23552,0,9.3696,False,False,11,60,True
legacy_simple_ppo,small,small_01,101,7,ppo,24,24576,0,9.7735,False,False,16,60,True
legacy_simple_ppo,small,small_01,101,7,ppo,25,25600,0,10.1669,False,False,12,60,True
legacy_simple_ppo,small,small_01,101,7,ppo,26,26624,0,10.5689,False,False,9,60,True
legacy_simple_ppo,small,small_01,101,7,ppo,27,27648,0,10.9671,False,False,12,60,True
legacy_simple_ppo,small,small_01,101,7,ppo,28,28672,0,11.3731,False,False,15,60,True
legacy_simple_ppo,small,small_01,101,7,ppo,29,29696,0,11.7666,False,False,12,60,True
legacy_simple_ppo,small,small_01,101,7,ppo,30,30720,0,12.1491,False,False,14,60,True
legacy_simple_ppo,small,small_01,101,7,ppo,31,31744,0,12.5571,False,False,16,60,True
legacy_simple_ppo,small,small_01,101,7,ppo,32,32768,0,12.9871,False,False,13,60,True
legacy_simple_ppo,small,small_01,101,7,ppo,33,33792,0,13.3832,False,False,10,60,True
legacy_simple_ppo,small,small_01,101,7,ppo,34,34816,0,13.7598,False,False,13,60,True
legacy_simple_ppo,small,small_01,101,7,ppo,35,35840,0,14.1471,False,False,16,60,True
legacy_simple_ppo,small,small_01,101,7,ppo,36,36864,0,14.5782,False,False,14,60,True
legacy_simple_ppo,small,small_01,101,7,ppo,37,37888,0,15.0635,False,False,13,60,True
legacy_simple_ppo,small,small_01,101,7,ppo,38,38912,0,15.4243,False,False,10,60,True
legacy_simple_ppo,small,small_01,101,7,ppo,39,39936,0,15.801,False,False,13,60,True
legacy_simple_ppo,small,small_01,101,7,ppo,40,40960,0,16.1699,False,False,14,60,True
compact_ppo,small,small_01,101,7,bc,0,0,0,0.0,False,False,16,60,True
compact_ppo,small,small_01,101,7,bc,1,0,1,0.0047,False,False,20,60,True
compact_ppo,small,small_01,101,7,bc,50,0,50,0.1225,False,False,16,60,True
compact_ppo,small,small_01,101,7,bc,100,0,100,0.2549,False,False,2,60,True
compact_ppo,small,small_01,101,7,bc,150,0,150,0.3759,True,True,60,60,False
compact_ppo,small,small_01,101,7,bc,200,0,200,0.518,True,True,60,60,False
compact_ppo,small,small_01,101,7,bc,250,0,250,0.6604,True,True,60,60,False
compact_ppo,small,small_01,101,7,bc,300,0,300,0.7947,True,True,60,60,False
compact_ppo,small,small_01,101,7,bc,350,0,350,0.9198,True,True,60,60,False
compact_ppo,small,small_01,101,7,bc,400,0,400,1.0539,True,True,60,60,False
compact_ppo,small,small_01,101,7,bc,450,0,450,1.1884,True,True,60,60,False
compact_ppo,small,small_01,101,7,bc,500,0,500,1.3329,True,True,60,60,False
compact_ppo,small,small_01,101,7,bc,550,0,550,1.4818,True,True,60,60,False
compact_ppo,small,small_01,101,7,bc,600,0,600,1.6275,True,True,60,60,False
compact_ppo,small,small_01,101,7,bc,650,0,650,1.7909,True,True,60,60,False
compact_ppo,small,small_01,101,7,bc,700,0,700,1.9487,True,True,60,60,False
compact_ppo,small,small_01,101,7,bc,750,0,750,2.1018,True,True,60,60,False
compact_ppo,small,small_01,101,7,bc,800,0,800,2.2419,True,True,60,60,False
compact_ppo,small,small_01,101,7,bc,850,0,850,2.3981,True,True,60,60,False
compact_ppo,small,small_01,101,7,bc,900,0,900,2.5502,True,True,60,60,False
compact_ppo,small,small_01,101,7,bc,950,0,950,2.7069,True,True,60,60,False
compact_ppo,small,small_01,101,7,bc,1000,0,1000,2.844,True,True,60,60,False
compact_ppo,small,small_01,101,7,ppo,1,512,1000,3.0623,True,True,60,60,False
compact_ppo,small,small_01,101,7,ppo,2,1024,1000,3.2785,True,True,60,60,False
compact_ppo,small,small_01,101,7,ppo,3,1536,1000,3.5299,True,True,60,60,False
compact_ppo,small,small_01,101,7,ppo,4,2048,1000,3.7593,True,True,60,60,False
compact_ppo,small,small_01,101,7,ppo,5,2560,1000,3.9969,True,True,60,60,False
compact_ppo,small,small_01,101,7,ppo,6,3072,1000,4.2124,True,True,60,60,False
compact_ppo,small,small_01,101,7,ppo,7,3584,1000,4.4422,True,True,60,60,False
compact_ppo,small,small_01,101,7,ppo,8,4096,1000,4.679,True,True,60,60,False
compact_ppo,small,small_01,101,7,ppo,9,4608,1000,4.9136,True,True,60,60,False
compact_ppo,small,small_01,101,7,ppo,10,5120,1000,5.1374,True,True,60,60,False
legacy_simple_ppo,small,small_01,101,17,ppo,0,0,0,0.0,False,False,14,60,False
legacy_simple_ppo,small,small_01,101,17,ppo,1,1024,0,0.4016,False,False,19,60,False
legacy_simple_ppo,small,small_01,101,17,ppo,2,2048,0,0.7876,False,False,16,60,True
legacy_simple_ppo,small,small_01,101,17,ppo,3,3072,0,1.1834,False,False,15,60,False
legacy_simple_ppo,small,small_01,101,17,ppo,4,4096,0,1.5729,False,False,16,60,True
legacy_simple_ppo,small,small_01,101,17,ppo,5,5120,0,1.9702,False,False,16,60,True
legacy_simple_ppo,small,small_01,101,17,ppo,6,6144,0,2.3646,False,False,16,60,True
legacy_simple_ppo,small,small_01,101,17,ppo,7,7168,0,2.764,False,False,14,60,True
legacy_simple_ppo,small,small_01,101,17,ppo,8,8192,0,3.1857,False,False,16,60,True
legacy_simple_ppo,small,small_01,101,17,ppo,9,9216,0,3.6056,False,False,15,60,True
legacy_simple_ppo,small,small_01,101,17,ppo,10,10240,0,3.9693,False,False,16,60,True
legacy_simple_ppo,small,small_01,101,17,ppo,11,11264,0,4.3429,False,False,14,60,True
legacy_simple_ppo,small,small_01,101,17,ppo,12,12288,0,4.7437,False,False,16,60,True
legacy_simple_ppo,small,small_01,101,17,ppo,13,13312,0,5.1514,False,False,14,60,True
legacy_simple_ppo,small,small_01,101,17,ppo,14,14336,0,5.5364,False,False,8,60,True
legacy_simple_ppo,small,small_01,101,17,ppo,15,15360,0,5.9388,False,False,16,60,True
legacy_simple_ppo,small,small_01,101,17,ppo,16,16384,0,6.3353,False,False,11,60,True
legacy_simple_ppo,small,small_01,101,17,ppo,17,17408,0,6.7647,False,False,13,60,True
legacy_simple_ppo,small,small_01,101,17,ppo,18,18432,0,7.1735,False,False,16,60,True
legacy_simple_ppo,small,small_01,101,17,ppo,19,19456,0,7.5659,False,False,15,60,True
legacy_simple_ppo,small,small_01,101,17,ppo,20,20480,0,7.9706,False,False,9,60,True
legacy_simple_ppo,small,small_01,101,17,ppo,21,21504,0,8.3788,False,False,16,60,True
legacy_simple_ppo,small,small_01,101,17,ppo,22,22528,0,8.7741,False,False,11,60,True
legacy_simple_ppo,small,small_01,101,17,ppo,23,23552,0,9.1648,False,False,14,60,True
legacy_simple_ppo,small,small_01,101,17,ppo,24,24576,0,9.5459,False,False,12,60,True
legacy_simple_ppo,small,small_01,101,17,ppo,25,25600,0,9.9428,False,False,16,60,True
legacy_simple_ppo,small,small_01,101,17,ppo,26,26624,0,10.3314,False,False,13,60,True
legacy_simple_ppo,small,small_01,101,17,ppo,27,27648,0,10.7267,False,False,16,60,True
legacy_simple_ppo,small,small_01,101,17,ppo,28,28672,0,11.1244,False,False,12,60,True
legacy_simple_ppo,small,small_01,101,17,ppo,29,29696,0,11.5317,False,False,15,60,True
legacy_simple_ppo,small,small_01,101,17,ppo,30,30720,0,11.9384,False,False,13,60,True
legacy_simple_ppo,small,small_01,101,17,ppo,31,31744,0,12.3666,False,False,16,60,True
legacy_simple_ppo,small,small_01,101,17,ppo,32,32768,0,12.7825,False,False,14,60,True
legacy_simple_ppo,small,small_01,101,17,ppo,33,33792,0,13.1802,False,False,12,60,True
legacy_simple_ppo,small,small_01,101,17,ppo,34,34816,0,13.5802,False,False,14,60,True
legacy_simple_ppo,small,small_01,101,17,ppo,35,35840,0,13.9757,False,False,12,60,True
legacy_simple_ppo,small,small_01,101,17,ppo,36,36864,0,14.3625,False,False,16,60,True
legacy_simple_ppo,small,small_01,101,17,ppo,37,37888,0,14.7661,False,False,14,60,True
legacy_simple_ppo,small,small_01,101,17,ppo,38,38912,0,15.1492,False,False,11,60,True
legacy_simple_ppo,small,small_01,101,17,ppo,39,39936,0,15.5384,False,False,15,60,True
legacy_simple_ppo,small,small_01,101,17,ppo,40,40960,0,15.9255,False,False,12,60,True
compact_ppo,small,small_01,101,17,bc,0,0,0,0.0,False,False,2,60,True
compact_ppo,small,small_01,101,17,bc,1,0,1,0.0049,False,False,21,60,True
compact_ppo,small,small_01,101,17,bc,50,0,50,0.1288,False,False,2,60,True
compact_ppo,small,small_01,101,17,bc,100,0,100,0.248,False,False,16,60,True
compact_ppo,small,small_01,101,17,bc,150,0,150,0.372,True,True,60,60,False
compact_ppo,small,small_01,101,17,bc,200,0,200,0.516,True,True,60,60,False
compact_ppo,small,small_01,101,17,bc,250,0,250,0.6598,True,True,60,60,False
compact_ppo,small,small_01,101,17,bc,300,0,300,0.8218,True,True,60,60,False
compact_ppo,small,small_01,101,17,bc,350,0,350,0.9503,True,True,60,60,False
compact_ppo,small,small_01,101,17,bc,400,0,400,1.079,True,True,60,60,False
compact_ppo,small,small_01,101,17,bc,450,0,450,1.2126,True,True,60,60,False
compact_ppo,small,small_01,101,17,bc,500,0,500,1.3521,True,True,60,60,False
compact_ppo,small,small_01,101,17,bc,550,0,550,1.4876,True,True,60,60,False
compact_ppo,small,small_01,101,17,bc,600,0,600,1.6351,True,True,60,60,False
compact_ppo,small,small_01,101,17,bc,650,0,650,1.7802,True,True,60,60,False
compact_ppo,small,small_01,101,17,bc,700,0,700,1.9276,True,True,60,60,False
compact_ppo,small,small_01,101,17,bc,750,0,750,2.0546,True,True,60,60,False
compact_ppo,small,small_01,101,17,bc,800,0,800,2.1838,True,True,60,60,False
compact_ppo,small,small_01,101,17,bc,850,0,850,2.3611,True,True,60,60,False
compact_ppo,small,small_01,101,17,bc,900,0,900,2.5007,True,True,60,60,False
compact_ppo,small,small_01,101,17,bc,950,0,950,2.6263,True,True,60,60,False
compact_ppo,small,small_01,101,17,bc,1000,0,1000,2.7682,True,True,60,60,False
compact_ppo,small,small_01,101,17,ppo,1,512,1000,2.9759,True,True,60,60,False
compact_ppo,small,small_01,101,17,ppo,2,1024,1000,3.1986,True,True,60,60,False
compact_ppo,small,small_01,101,17,ppo,3,1536,1000,3.4325,True,True,60,60,False
compact_ppo,small,small_01,101,17,ppo,4,2048,1000,3.6512,True,True,60,60,False
compact_ppo,small,small_01,101,17,ppo,5,2560,1000,3.881,True,True,60,60,False
compact_ppo,small,small_01,101,17,ppo,6,3072,1000,4.1022,True,True,60,60,False
compact_ppo,small,small_01,101,17,ppo,7,3584,1000,4.3408,True,True,60,60,False
compact_ppo,small,small_01,101,17,ppo,8,4096,1000,4.5679,True,True,60,60,False
compact_ppo,small,small_01,101,17,ppo,9,4608,1000,4.826,True,True,60,60,False
compact_ppo,small,small_01,101,17,ppo,10,5120,1000,5.0561,True,True,60,60,False
legacy_simple_ppo,small,small_02,102,7,ppo,0,0,0,0.0,False,False,0,60,False
legacy_simple_ppo,small,small_02,102,7,ppo,1,1024,0,0.4224,False,False,0,60,False
legacy_simple_ppo,small,small_02,102,7,ppo,2,2048,0,0.8081,False,False,14,60,True
legacy_simple_ppo,small,small_02,102,7,ppo,3,3072,0,1.1988,False,False,13,60,True
legacy_simple_ppo,small,small_02,102,7,ppo,4,4096,0,1.5893,False,False,16,60,True
legacy_simple_ppo,small,small_02,102,7,ppo,5,5120,0,1.9865,False,False,13,60,True
legacy_simple_ppo,small,small_02,102,7,ppo,6,6144,0,2.3809,False,False,9,60,True
legacy_simple_ppo,small,small_02,102,7,ppo,7,7168,0,2.7823,False,False,15,60,True
legacy_simple_ppo,small,small_02,102,7,ppo,8,8192,0,3.1849,False,False,16,60,True
legacy_simple_ppo,small,small_02,102,7,ppo,9,9216,0,3.5863,False,False,14,60,True
legacy_simple_ppo,small,small_02,102,7,ppo,10,10240,0,3.9747,False,False,15,60,True
legacy_simple_ppo,small,small_02,102,7,ppo,11,11264,0,4.3592,False,False,13,60,True
legacy_simple_ppo,small,small_02,102,7,ppo,12,12288,0,4.767,False,False,16,60,True
legacy_simple_ppo,small,small_02,102,7,ppo,13,13312,0,5.1448,False,False,13,60,True
legacy_simple_ppo,small,small_02,102,7,ppo,14,14336,0,5.556,False,False,16,60,True
legacy_simple_ppo,small,small_02,102,7,ppo,15,15360,0,5.9792,False,False,13,60,True
legacy_simple_ppo,small,small_02,102,7,ppo,16,16384,0,6.3908,False,False,14,60,True
legacy_simple_ppo,small,small_02,102,7,ppo,17,17408,0,6.7832,False,False,16,60,True
legacy_simple_ppo,small,small_02,102,7,ppo,18,18432,0,7.1847,False,False,12,60,True
legacy_simple_ppo,small,small_02,102,7,ppo,19,19456,0,7.5645,False,False,16,60,True
legacy_simple_ppo,small,small_02,102,7,ppo,20,20480,0,7.9719,False,False,12,60,True
legacy_simple_ppo,small,small_02,102,7,ppo,21,21504,0,8.3747,False,False,16,60,True
legacy_simple_ppo,small,small_02,102,7,ppo,22,22528,0,8.7754,False,False,13,60,True
legacy_simple_ppo,small,small_02,102,7,ppo,23,23552,0,9.1719,False,False,10,60,True
legacy_simple_ppo,small,small_02,102,7,ppo,24,24576,0,9.5676,False,False,13,60,True
legacy_simple_ppo,small,small_02,102,7,ppo,25,25600,0,9.967,False,False,11,60,True
legacy_simple_ppo,small,small_02,102,7,ppo,26,26624,0,10.3606,False,False,8,60,True
legacy_simple_ppo,small,small_02,102,7,ppo,27,27648,0,10.7568,False,False,12,60,True
legacy_simple_ppo,small,small_02,102,7,ppo,28,28672,0,11.1607,False,False,16,60,True
legacy_simple_ppo,small,small_02,102,7,ppo,29,29696,0,11.5657,False,False,13,60,True
legacy_simple_ppo,small,small_02,102,7,ppo,30,30720,0,11.9766,False,False,13,60,True
legacy_simple_ppo,small,small_02,102,7,ppo,31,31744,0,12.3622,False,False,12,60,True
legacy_simple_ppo,small,small_02,102,7,ppo,32,32768,0,12.7472,False,False,13,60,True
legacy_simple_ppo,small,small_02,102,7,ppo,33,33792,0,13.1494,False,False,10,60,True
legacy_simple_ppo,small,small_02,102,7,ppo,34,34816,0,13.5351,False,False,13,60,True
legacy_simple_ppo,small,small_02,102,7,ppo,35,35840,0,13.9448,False,False,10,60,True
legacy_simple_ppo,small,small_02,102,7,ppo,36,36864,0,14.3454,False,False,13,60,True
legacy_simple_ppo,small,small_02,102,7,ppo,37,37888,0,14.7514,False,False,14,60,True
legacy_simple_ppo,small,small_02,102,7,ppo,38,38912,0,15.1441,False,False,11,60,True
legacy_simple_ppo,small,small_02,102,7,ppo,39,39936,0,15.5452,False,False,14,60,True
legacy_simple_ppo,small,small_02,102,7,ppo,40,40960,0,15.9463,False,False,15,60,True
compact_ppo,small,small_02,102,7,bc,0,0,0,0.0,False,False,16,60,True
compact_ppo,small,small_02,102,7,bc,1,0,1,0.0067,False,False,19,60,True
compact_ppo,small,small_02,102,7,bc,50,0,50,0.1484,False,False,2,60,True
compact_ppo,small,small_02,102,7,bc,100,0,100,0.2613,False,False,16,60,True
compact_ppo,small,small_02,102,7,bc,150,0,150,0.3852,True,True,60,60,False
compact_ppo,small,small_02,102,7,bc,200,0,200,0.5243,True,True,60,60,False
compact_ppo,small,small_02,102,7,bc,250,0,250,0.6579,True,True,60,60,False
compact_ppo,small,small_02,102,7,bc,300,0,300,0.7887,True,True,60,60,False
compact_ppo,small,small_02,102,7,bc,350,0,350,0.919,True,True,60,60,False
compact_ppo,small,small_02,102,7,bc,400,0,400,1.0548,True,True,60,60,False
compact_ppo,small,small_02,102,7,bc,450,0,450,1.2,True,True,60,60,False
compact_ppo,small,small_02,102,7,bc,500,0,500,1.3593,True,True,60,60,False
compact_ppo,small,small_02,102,7,bc,550,0,550,1.4824,True,True,60,60,False
compact_ppo,small,small_02,102,7,bc,600,0,600,1.6062,True,True,60,60,False
compact_ppo,small,small_02,102,7,bc,650,0,650,1.7446,True,True,60,60,False
compact_ppo,small,small_02,102,7,bc,700,0,700,1.8915,True,True,60,60,False
compact_ppo,small,small_02,102,7,bc,750,0,750,2.0402,True,True,60,60,False
compact_ppo,small,small_02,102,7,bc,800,0,800,2.1827,True,True,60,60,False
compact_ppo,small,small_02,102,7,bc,850,0,850,2.3158,True,True,60,60,False
compact_ppo,small,small_02,102,7,bc,900,0,900,2.4595,True,True,60,60,False
compact_ppo,small,small_02,102,7,bc,950,0,950,2.5934,True,True,60,60,False
compact_ppo,small,small_02,102,7,bc,1000,0,1000,2.7315,True,True,60,60,False
compact_ppo,small,small_02,102,7,ppo,1,512,1000,2.9598,True,True,60,60,False
compact_ppo,small,small_02,102,7,ppo,2,1024,1000,3.1909,True,True,60,60,False
compact_ppo,small,small_02,102,7,ppo,3,1536,1000,3.4209,True,True,60,60,False
compact_ppo,small,small_02,102,7,ppo,4,2048,1000,3.6486,True,True,60,60,False
compact_ppo,small,small_02,102,7,ppo,5,2560,1000,3.8864,True,True,60,60,False
compact_ppo,small,small_02,102,7,ppo,6,3072,1000,4.1136,True,True,60,60,False
compact_ppo,small,small_02,102,7,ppo,7,3584,1000,4.3554,True,True,60,60,False
compact_ppo,small,small_02,102,7,ppo,8,4096,1000,4.6005,True,True,60,60,False
compact_ppo,small,small_02,102,7,ppo,9,4608,1000,4.8492,True,True,60,60,False
compact_ppo,small,small_02,102,7,ppo,10,5120,1000,5.1296,True,True,60,60,False
legacy_simple_ppo,small,small_02,102,17,ppo,0,0,0,0.0,False,False,14,60,False
legacy_simple_ppo,small,small_02,102,17,ppo,1,1024,0,0.4012,False,False,18,60,False
legacy_simple_ppo,small,small_02,102,17,ppo,2,2048,0,0.7837,False,False,16,60,True
legacy_simple_ppo,small,small_02,102,17,ppo,3,3072,0,1.1796,False,False,16,60,True
legacy_simple_ppo,small,small_02,102,17,ppo,4,4096,0,1.5721,False,False,14,60,True
legacy_simple_ppo,small,small_02,102,17,ppo,5,5120,0,1.9849,False,False,16,60,True
legacy_simple_ppo,small,small_02,102,17,ppo,6,6144,0,2.4303,False,False,12,60,True
legacy_simple_ppo,small,small_02,102,17,ppo,7,7168,0,3.0515,False,False,14,60,True
legacy_simple_ppo,small,small_02,102,17,ppo,8,8192,0,3.5199,False,False,12,60,True
legacy_simple_ppo,small,small_02,102,17,ppo,9,9216,0,3.9489,False,False,9,60,True
legacy_simple_ppo,small,small_02,102,17,ppo,10,10240,0,4.4422,False,False,15,60,True
legacy_simple_ppo,small,small_02,102,17,ppo,11,11264,0,4.8643,False,False,16,60,True
legacy_simple_ppo,small,small_02,102,17,ppo,12,12288,0,5.2859,False,False,15,60,True
legacy_simple_ppo,small,small_02,102,17,ppo,13,13312,0,5.6653,False,False,10,60,True
legacy_simple_ppo,small,small_02,102,17,ppo,14,14336,0,6.0368,False,False,15,60,True
legacy_simple_ppo,small,small_02,102,17,ppo,15,15360,0,6.438,False,False,14,60,True
legacy_simple_ppo,small,small_02,102,17,ppo,16,16384,0,6.8203,False,False,16,60,True
legacy_simple_ppo,small,small_02,102,17,ppo,17,17408,0,7.2146,False,False,12,60,True
legacy_simple_ppo,small,small_02,102,17,ppo,18,18432,0,7.6091,False,False,14,60,True
legacy_simple_ppo,small,small_02,102,17,ppo,19,19456,0,8.0235,False,False,11,60,True
legacy_simple_ppo,small,small_02,102,17,ppo,20,20480,0,8.4339,False,False,15,60,True
legacy_simple_ppo,small,small_02,102,17,ppo,21,21504,0,8.8142,False,False,13,60,True
legacy_simple_ppo,small,small_02,102,17,ppo,22,22528,0,9.2186,False,False,11,60,True
legacy_simple_ppo,small,small_02,102,17,ppo,23,23552,0,9.6435,False,False,16,60,True
legacy_simple_ppo,small,small_02,102,17,ppo,24,24576,0,10.0749,False,False,12,60,True
legacy_simple_ppo,small,small_02,102,17,ppo,25,25600,0,10.4889,False,False,16,60,True
legacy_simple_ppo,small,small_02,102,17,ppo,26,26624,0,10.8861,False,False,12,60,True
legacy_simple_ppo,small,small_02,102,17,ppo,27,27648,0,11.3156,False,False,16,60,True
legacy_simple_ppo,small,small_02,102,17,ppo,28,28672,0,11.7237,False,False,12,60,True
legacy_simple_ppo,small,small_02,102,17,ppo,29,29696,0,12.1407,False,False,9,60,True
legacy_simple_ppo,small,small_02,102,17,ppo,30,30720,0,12.5318,False,False,8,60,True
legacy_simple_ppo,small,small_02,102,17,ppo,31,31744,0,12.9825,False,False,13,60,True
legacy_simple_ppo,small,small_02,102,17,ppo,32,32768,0,13.389,False,False,16,60,True
legacy_simple_ppo,small,small_02,102,17,ppo,33,33792,0,13.7923,False,False,12,60,True
legacy_simple_ppo,small,small_02,102,17,ppo,34,34816,0,14.2098,False,False,9,60,True
legacy_simple_ppo,small,small_02,102,17,ppo,35,35840,0,14.6395,False,False,13,60,True
legacy_simple_ppo,small,small_02,102,17,ppo,36,36864,0,15.0862,False,False,16,60,True
legacy_simple_ppo,small,small_02,102,17,ppo,37,37888,0,15.5254,False,False,13,60,True
legacy_simple_ppo,small,small_02,102,17,ppo,38,38912,0,15.9519,False,False,10,60,True
legacy_simple_ppo,small,small_02,102,17,ppo,39,39936,0,16.4136,False,False,12,60,True
legacy_simple_ppo,small,small_02,102,17,ppo,40,40960,0,16.8483,False,False,14,60,True
compact_ppo,small,small_02,102,17,bc,0,0,0,0.0,False,False,2,60,True
compact_ppo,small,small_02,102,17,bc,1,0,1,0.0058,False,False,19,60,True
compact_ppo,small,small_02,102,17,bc,50,0,50,0.1808,False,False,2,60,True
compact_ppo,small,small_02,102,17,bc,100,0,100,0.3557,False,False,16,60,True
compact_ppo,small,small_02,102,17,bc,150,0,150,0.5135,True,True,60,60,False
compact_ppo,small,small_02,102,17,bc,200,0,200,0.655,True,True,60,60,False
compact_ppo,small,small_02,102,17,bc,250,0,250,0.8026,True,True,60,60,False
compact_ppo,small,small_02,102,17,bc,300,0,300,0.9667,True,True,60,60,False
compact_ppo,small,small_02,102,17,bc,350,0,350,1.1519,True,True,60,60,False
compact_ppo,small,small_02,102,17,bc,400,0,400,1.3572,True,True,60,60,False
compact_ppo,small,small_02,102,17,bc,450,0,450,1.5768,True,True,60,60,False
compact_ppo,small,small_02,102,17,bc,500,0,500,1.7379,True,True,60,60,False
compact_ppo,small,small_02,102,17,bc,550,0,550,1.8724,True,True,60,60,False
compact_ppo,small,small_02,102,17,bc,600,0,600,1.9978,True,True,60,60,False
compact_ppo,small,small_02,102,17,bc,650,0,650,2.1234,True,True,60,60,False
compact_ppo,small,small_02,102,17,bc,700,0,700,2.2721,True,True,60,60,False
compact_ppo,small,small_02,102,17,bc,750,0,750,2.419,True,True,60,60,False
compact_ppo,small,small_02,102,17,bc,800,0,800,2.5722,True,True,60,60,False
compact_ppo,small,small_02,102,17,bc,850,0,850,2.7411,True,True,60,60,False
compact_ppo,small,small_02,102,17,bc,900,0,900,2.8798,True,True,60,60,False
compact_ppo,small,small_02,102,17,bc,950,0,950,3.0265,True,True,60,60,False
compact_ppo,small,small_02,102,17,bc,1000,0,1000,3.1549,True,True,60,60,False
compact_ppo,small,small_02,102,17,ppo,1,512,1000,3.3978,True,True,60,60,False
compact_ppo,small,small_02,102,17,ppo,2,1024,1000,3.6153,True,True,60,60,False
compact_ppo,small,small_02,102,17,ppo,3,1536,1000,3.8881,True,True,60,60,False
compact_ppo,small,small_02,102,17,ppo,4,2048,1000,4.1464,True,True,60,60,False
compact_ppo,small,small_02,102,17,ppo,5,2560,1000,4.4391,True,True,60,60,False
compact_ppo,small,small_02,102,17,ppo,6,3072,1000,4.6656,True,True,60,60,False
compact_ppo,small,small_02,102,17,ppo,7,3584,1000,4.939,True,True,60,60,False
compact_ppo,small,small_02,102,17,ppo,8,4096,1000,5.2044,True,True,60,60,False
compact_ppo,small,small_02,102,17,ppo,9,4608,1000,5.463,True,True,60,60,False
compact_ppo,small,small_02,102,17,ppo,10,5120,1000,5.7121,True,True,60,60,False
legacy_simple_ppo,medium,medium_00,200,7,ppo,0,0,0,0.0,False,False,0,96,False
legacy_simple_ppo,medium,medium_00,200,7,ppo,1,1024,0,0.4339,False,False,0,96,False
legacy_simple_ppo,medium,medium_00,200,7,ppo,2,2048,0,0.9256,False,False,16,96,True
legacy_simple_ppo,medium,medium_00,200,7,ppo,3,3072,0,1.3209,False,False,24,96,True
legacy_simple_ppo,medium,medium_00,200,7,ppo,4,4096,0,1.7407,False,False,25,96,True
legacy_simple_ppo,medium,medium_00,200,7,ppo,5,5120,0,2.1274,False,False,19,96,True
legacy_simple_ppo,medium,medium_00,200,7,ppo,6,6144,0,2.5131,False,False,25,96,True
legacy_simple_ppo,medium,medium_00,200,7,ppo,7,7168,0,2.9157,False,False,20,96,True
legacy_simple_ppo,medium,medium_00,200,7,ppo,8,8192,0,3.3266,False,False,25,96,True
legacy_simple_ppo,medium,medium_00,200,7,ppo,9,9216,0,3.7619,False,False,25,96,True
legacy_simple_ppo,medium,medium_00,200,7,ppo,10,10240,0,4.1478,False,False,19,96,True
legacy_simple_ppo,medium,medium_00,200,7,ppo,11,11264,0,4.5263,False,False,25,96,True
legacy_simple_ppo,medium,medium_00,200,7,ppo,12,12288,0,4.924,False,False,21,96,True
legacy_simple_ppo,medium,medium_00,200,7,ppo,13,13312,0,5.3395,False,False,25,96,True
legacy_simple_ppo,medium,medium_00,200,7,ppo,14,14336,0,5.7705,False,False,22,96,True
legacy_simple_ppo,medium,medium_00,200,7,ppo,15,15360,0,6.1752,False,False,16,96,True
legacy_simple_ppo,medium,medium_00,200,7,ppo,16,16384,0,6.5746,False,False,22,96,True
legacy_simple_ppo,medium,medium_00,200,7,ppo,17,17408,0,6.9866,False,False,16,96,True
legacy_simple_ppo,medium,medium_00,200,7,ppo,18,18432,0,7.3864,False,False,23,96,True
legacy_simple_ppo,medium,medium_00,200,7,ppo,19,19456,0,7.7895,False,False,19,96,True
legacy_simple_ppo,medium,medium_00,200,7,ppo,20,20480,0,8.1758,False,False,24,96,True
legacy_simple_ppo,medium,medium_00,200,7,ppo,21,21504,0,8.5869,False,False,25,96,True
legacy_simple_ppo,medium,medium_00,200,7,ppo,22,22528,0,8.9875,False,False,24,96,True
legacy_simple_ppo,medium,medium_00,200,7,ppo,23,23552,0,9.389,False,False,25,96,True
legacy_simple_ppo,medium,medium_00,200,7,ppo,24,24576,0,9.8093,False,False,24,96,True
legacy_simple_ppo,medium,medium_00,200,7,ppo,25,25600,0,10.2165,False,False,20,96,True
legacy_simple_ppo,medium,medium_00,200,7,ppo,26,26624,0,10.635,False,False,16,96,True
legacy_simple_ppo,medium,medium_00,200,7,ppo,27,27648,0,11.0615,False,False,24,96,True
legacy_simple_ppo,medium,medium_00,200,7,ppo,28,28672,0,11.5159,False,False,24,96,True
legacy_simple_ppo,medium,medium_00,200,7,ppo,29,29696,0,11.9191,False,False,21,96,True
legacy_simple_ppo,medium,medium_00,200,7,ppo,30,30720,0,12.2886,False,False,20,96,True
legacy_simple_ppo,medium,medium_00,200,7,ppo,31,31744,0,12.728,False,False,24,96,True
legacy_simple_ppo,medium,medium_00,200,7,ppo,32,32768,0,13.1085,False,False,21,96,True
legacy_simple_ppo,medium,medium_00,200,7,ppo,33,33792,0,13.4822,False,False,25,96,True
legacy_simple_ppo,medium,medium_00,200,7,ppo,34,34816,0,13.8788,False,False,25,96,True
legacy_simple_ppo,medium,medium_00,200,7,ppo,35,35840,0,14.2689,False,False,24,96,True
legacy_simple_ppo,medium,medium_00,200,7,ppo,36,36864,0,14.6752,False,False,25,96,True
legacy_simple_ppo,medium,medium_00,200,7,ppo,37,37888,0,15.0474,False,False,25,96,True
legacy_simple_ppo,medium,medium_00,200,7,ppo,38,38912,0,15.4517,False,False,21,96,True
legacy_simple_ppo,medium,medium_00,200,7,ppo,39,39936,0,15.8371,False,False,25,96,True
legacy_simple_ppo,medium,medium_00,200,7,ppo,40,40960,0,16.2381,False,False,22,96,True
compact_ppo,medium,medium_00,200,7,bc,0,0,0,0.0,False,False,25,96,True
compact_ppo,medium,medium_00,200,7,bc,1,0,1,0.0064,False,False,29,96,True
compact_ppo,medium,medium_00,200,7,bc,50,0,50,0.156,False,False,2,96,True
compact_ppo,medium,medium_00,200,7,bc,100,0,100,0.3019,False,False,25,96,True
compact_ppo,medium,medium_00,200,7,bc,150,0,150,0.4522,False,False,26,96,True
compact_ppo,medium,medium_00,200,7,bc,200,0,200,0.6112,False,False,52,96,True
compact_ppo,medium,medium_00,200,7,bc,250,0,250,0.7693,True,True,96,96,False
compact_ppo,medium,medium_00,200,7,bc,300,0,300,0.9387,True,True,96,96,False
compact_ppo,medium,medium_00,200,7,bc,350,0,350,1.1076,True,True,96,96,False
compact_ppo,medium,medium_00,200,7,bc,400,0,400,1.2646,True,True,96,96,False
compact_ppo,medium,medium_00,200,7,bc,450,0,450,1.419,True,True,96,96,False
compact_ppo,medium,medium_00,200,7,bc,500,0,500,1.5794,True,True,96,96,False
compact_ppo,medium,medium_00,200,7,bc,550,0,550,1.7479,True,True,96,96,False
compact_ppo,medium,medium_00,200,7,bc,600,0,600,1.9095,True,True,96,96,False
compact_ppo,medium,medium_00,200,7,bc,650,0,650,2.073,True,True,96,96,False
compact_ppo,medium,medium_00,200,7,bc,700,0,700,2.2306,True,True,96,96,False
compact_ppo,medium,medium_00,200,7,bc,750,0,750,2.4185,True,True,96,96,False
compact_ppo,medium,medium_00,200,7,bc,800,0,800,2.5649,True,True,96,96,False
compact_ppo,medium,medium_00,200,7,bc,850,0,850,2.7353,True,True,96,96,False
compact_ppo,medium,medium_00,200,7,bc,900,0,900,2.9116,True,True,96,96,False
compact_ppo,medium,medium_00,200,7,bc,950,0,950,3.0765,True,True,96,96,False
compact_ppo,medium,medium_00,200,7,bc,1000,0,1000,3.2418,True,True,96,96,False
compact_ppo,medium,medium_00,200,7,ppo,1,512,1000,3.4817,True,True,96,96,False
compact_ppo,medium,medium_00,200,7,ppo,2,1024,1000,3.7107,True,True,96,96,False
compact_ppo,medium,medium_00,200,7,ppo,3,1536,1000,3.9418,True,True,96,96,False
compact_ppo,medium,medium_00,200,7,ppo,4,2048,1000,4.1723,True,True,96,96,False
compact_ppo,medium,medium_00,200,7,ppo,5,2560,1000,4.3959,True,True,96,96,False
compact_ppo,medium,medium_00,200,7,ppo,6,3072,1000,4.6367,True,True,96,96,False
compact_ppo,medium,medium_00,200,7,ppo,7,3584,1000,4.8525,True,True,96,96,False
compact_ppo,medium,medium_00,200,7,ppo,8,4096,1000,5.0848,True,True,96,96,False
compact_ppo,medium,medium_00,200,7,ppo,9,4608,1000,5.3213,True,True,96,96,False
compact_ppo,medium,medium_00,200,7,ppo,10,5120,1000,5.5747,True,True,96,96,False
legacy_simple_ppo,medium,medium_00,200,17,ppo,0,0,0,0.0,False,False,22,96,False
legacy_simple_ppo,medium,medium_00,200,17,ppo,1,1024,0,0.4367,False,False,24,96,False
legacy_simple_ppo,medium,medium_00,200,17,ppo,2,2048,0,0.8493,False,False,25,96,True
legacy_simple_ppo,medium,medium_00,200,17,ppo,3,3072,0,1.248,False,False,25,96,True
legacy_simple_ppo,medium,medium_00,200,17,ppo,4,4096,0,1.6209,False,False,25,96,True
legacy_simple_ppo,medium,medium_00,200,17,ppo,5,5120,0,2.0359,False,False,25,96,True
legacy_simple_ppo,medium,medium_00,200,17,ppo,6,6144,0,2.4477,False,False,25,96,True
legacy_simple_ppo,medium,medium_00,200,17,ppo,7,7168,0,2.8975,False,False,25,96,True
legacy_simple_ppo,medium,medium_00,200,17,ppo,8,8192,0,3.3231,False,False,24,96,True
legacy_simple_ppo,medium,medium_00,200,17,ppo,9,9216,0,3.752,False,False,13,96,True
legacy_simple_ppo,medium,medium_00,200,17,ppo,10,10240,0,4.1649,False,False,24,96,True
legacy_simple_ppo,medium,medium_00,200,17,ppo,11,11264,0,4.5371,False,False,21,96,True
legacy_simple_ppo,medium,medium_00,200,17,ppo,12,12288,0,4.9186,False,False,25,96,True
legacy_simple_ppo,medium,medium_00,200,17,ppo,13,13312,0,5.3077,False,False,21,96,True
legacy_simple_ppo,medium,medium_00,200,17,ppo,14,14336,0,5.7302,False,False,25,96,True
legacy_simple_ppo,medium,medium_00,200,17,ppo,15,15360,0,6.2184,False,False,25,96,True
legacy_simple_ppo,medium,medium_00,200,17,ppo,16,16384,0,6.6672,False,False,17,96,True
legacy_simple_ppo,medium,medium_00,200,17,ppo,17,17408,0,7.1094,False,False,25,96,True
legacy_simple_ppo,medium,medium_00,200,17,ppo,18,18432,0,7.5468,False,False,18,96,True
legacy_simple_ppo,medium,medium_00,200,17,ppo,19,19456,0,7.9998,False,False,25,96,True
legacy_simple_ppo,medium,medium_00,200,17,ppo,20,20480,0,8.4214,False,False,23,96,True
legacy_simple_ppo,medium,medium_00,200,17,ppo,21,21504,0,8.8732,False,False,18,96,True
legacy_simple_ppo,medium,medium_00,200,17,ppo,22,22528,0,9.2947,False,False,25,96,True
legacy_simple_ppo,medium,medium_00,200,17,ppo,23,23552,0,9.7137,False,False,22,96,True
legacy_simple_ppo,medium,medium_00,200,17,ppo,24,24576,0,10.094,False,False,25,96,True
legacy_simple_ppo,medium,medium_00,200,17,ppo,25,25600,0,10.4892,False,False,24,96,True
legacy_simple_ppo,medium,medium_00,200,17,ppo,26,26624,0,10.9178,False,False,19,96,True
legacy_simple_ppo,medium,medium_00,200,17,ppo,27,27648,0,11.2982,False,False,25,96,True
legacy_simple_ppo,medium,medium_00,200,17,ppo,28,28672,0,11.7204,False,False,23,96,True
legacy_simple_ppo,medium,medium_00,200,17,ppo,29,29696,0,12.1414,False,False,16,96,True
legacy_simple_ppo,medium,medium_00,200,17,ppo,30,30720,0,12.5515,False,False,19,96,True
legacy_simple_ppo,medium,medium_00,200,17,ppo,31,31744,0,12.952,False,False,25,96,True
legacy_simple_ppo,medium,medium_00,200,17,ppo,32,32768,0,13.3736,False,False,23,96,True
legacy_simple_ppo,medium,medium_00,200,17,ppo,33,33792,0,13.7759,False,False,25,96,True
legacy_simple_ppo,medium,medium_00,200,17,ppo,34,34816,0,14.1865,False,False,23,96,True
legacy_simple_ppo,medium,medium_00,200,17,ppo,35,35840,0,14.6051,False,False,22,96,True
legacy_simple_ppo,medium,medium_00,200,17,ppo,36,36864,0,14.9925,False,False,25,96,True
legacy_simple_ppo,medium,medium_00,200,17,ppo,37,37888,0,15.3889,False,False,25,96,True
legacy_simple_ppo,medium,medium_00,200,17,ppo,38,38912,0,15.801,False,False,19,96,True
legacy_simple_ppo,medium,medium_00,200,17,ppo,39,39936,0,16.1845,False,False,25,96,True
legacy_simple_ppo,medium,medium_00,200,17,ppo,40,40960,0,16.5891,False,False,24,96,True
compact_ppo,medium,medium_00,200,17,bc,0,0,0,0.0,False,False,2,96,True
compact_ppo,medium,medium_00,200,17,bc,1,0,1,0.0042,False,False,32,96,True
compact_ppo,medium,medium_00,200,17,bc,50,0,50,0.1742,False,False,2,96,True
compact_ppo,medium,medium_00,200,17,bc,100,0,100,0.3409,False,False,2,96,True
compact_ppo,medium,medium_00,200,17,bc,150,0,150,0.4852,False,False,26,96,True
compact_ppo,medium,medium_00,200,17,bc,200,0,200,0.6278,True,True,96,96,False
compact_ppo,medium,medium_00,200,17,bc,250,0,250,0.7681,True,True,96,96,False
compact_ppo,medium,medium_00,200,17,bc,300,0,300,0.9345,True,True,96,96,False
compact_ppo,medium,medium_00,200,17,bc,350,0,350,1.1002,True,True,96,96,False
compact_ppo,medium,medium_00,200,17,bc,400,0,400,1.2591,True,True,96,96,False
compact_ppo,medium,medium_00,200,17,bc,450,0,450,1.4129,True,True,96,96,False
compact_ppo,medium,medium_00,200,17,bc,500,0,500,1.5737,True,True,96,96,False
compact_ppo,medium,medium_00,200,17,bc,550,0,550,1.7342,True,True,96,96,False
compact_ppo,medium,medium_00,200,17,bc,600,0,600,1.9042,True,True,96,96,False
compact_ppo,medium,medium_00,200,17,bc,650,0,650,2.0655,True,True,96,96,False
compact_ppo,medium,medium_00,200,17,bc,700,0,700,2.2235,True,True,96,96,False
compact_ppo,medium,medium_00,200,17,bc,750,0,750,2.4025,True,True,96,96,False
compact_ppo,medium,medium_00,200,17,bc,800,0,800,2.5481,True,True,96,96,False
compact_ppo,medium,medium_00,200,17,bc,850,0,850,2.6918,True,True,96,96,False
compact_ppo,medium,medium_00,200,17,bc,900,0,900,2.8499,True,True,96,96,False
compact_ppo,medium,medium_00,200,17,bc,950,0,950,3.0145,True,True,96,96,False
compact_ppo,medium,medium_00,200,17,bc,1000,0,1000,3.1663,True,True,96,96,False
compact_ppo,medium,medium_00,200,17,ppo,1,512,1000,3.3926,True,True,96,96,False
compact_ppo,medium,medium_00,200,17,ppo,2,1024,1000,3.6273,True,True,96,96,False
compact_ppo,medium,medium_00,200,17,ppo,3,1536,1000,3.8661,True,True,96,96,False
compact_ppo,medium,medium_00,200,17,ppo,4,2048,1000,4.1057,True,True,96,96,False
compact_ppo,medium,medium_00,200,17,ppo,5,2560,1000,4.347,True,True,96,96,False
compact_ppo,medium,medium_00,200,17,ppo,6,3072,1000,4.5684,True,True,96,96,False
compact_ppo,medium,medium_00,200,17,ppo,7,3584,1000,4.8052,True,True,96,96,False
compact_ppo,medium,medium_00,200,17,ppo,8,4096,1000,5.0438,True,True,96,96,False
compact_ppo,medium,medium_00,200,17,ppo,9,4608,1000,5.3001,True,True,96,96,False
compact_ppo,medium,medium_00,200,17,ppo,10,5120,1000,5.5559,True,True,96,96,False
legacy_simple_ppo,medium,medium_01,201,7,ppo,0,0,0,0.0,False,False,0,96,False
legacy_simple_ppo,medium,medium_01,201,7,ppo,1,1024,0,0.4252,False,False,0,96,False
legacy_simple_ppo,medium,medium_01,201,7,ppo,2,2048,0,0.8584,False,False,16,96,True
legacy_simple_ppo,medium,medium_01,201,7,ppo,3,3072,0,1.3278,False,False,24,96,True
legacy_simple_ppo,medium,medium_01,201,7,ppo,4,4096,0,1.7691,False,False,25,96,True
legacy_simple_ppo,medium,medium_01,201,7,ppo,5,5120,0,2.1606,False,False,19,96,True
legacy_simple_ppo,medium,medium_01,201,7,ppo,6,6144,0,2.5774,False,False,25,96,True
legacy_simple_ppo,medium,medium_01,201,7,ppo,7,7168,0,3.0097,False,False,19,96,True
legacy_simple_ppo,medium,medium_01,201,7,ppo,8,8192,0,3.4607,False,False,25,96,True
legacy_simple_ppo,medium,medium_01,201,7,ppo,9,9216,0,3.8882,False,False,19,96,True
legacy_simple_ppo,medium,medium_01,201,7,ppo,10,10240,0,4.2948,False,False,25,96,True
legacy_simple_ppo,medium,medium_01,201,7,ppo,11,11264,0,4.8432,False,False,20,96,True
legacy_simple_ppo,medium,medium_01,201,7,ppo,12,12288,0,5.298,False,False,25,96,True
legacy_simple_ppo,medium,medium_01,201,7,ppo,13,13312,0,5.7497,False,False,22,96,True
legacy_simple_ppo,medium,medium_01,201,7,ppo,14,14336,0,6.2128,False,False,25,96,True
legacy_simple_ppo,medium,medium_01,201,7,ppo,15,15360,0,6.6897,False,False,23,96,True
legacy_simple_ppo,medium,medium_01,201,7,ppo,16,16384,0,7.1709,False,False,17,96,True
legacy_simple_ppo,medium,medium_01,201,7,ppo,17,17408,0,7.5658,False,False,23,96,True
legacy_simple_ppo,medium,medium_01,201,7,ppo,18,18432,0,8.016,False,False,19,96,True
legacy_simple_ppo,medium,medium_01,201,7,ppo,19,19456,0,8.4718,False,False,25,96,True
legacy_simple_ppo,medium,medium_01,201,7,ppo,20,20480,0,8.888,False,False,23,96,True
legacy_simple_ppo,medium,medium_01,201,7,ppo,21,21504,0,9.3397,False,False,25,96,True
legacy_simple_ppo,medium,medium_01,201,7,ppo,22,22528,0,9.771,False,False,24,96,True
legacy_simple_ppo,medium,medium_01,201,7,ppo,23,23552,0,10.1972,False,False,25,96,True
legacy_simple_ppo,medium,medium_01,201,7,ppo,24,24576,0,10.6432,False,False,25,96,True
legacy_simple_ppo,medium,medium_01,201,7,ppo,25,25600,0,11.1021,False,False,21,96,True
legacy_simple_ppo,medium,medium_01,201,7,ppo,26,26624,0,11.6729,False,False,16,96,True
legacy_simple_ppo,medium,medium_01,201,7,ppo,27,27648,0,12.1286,False,False,23,96,True
legacy_simple_ppo,medium,medium_01,201,7,ppo,28,28672,0,12.5352,False,False,25,96,True
legacy_simple_ppo,medium,medium_01,201,7,ppo,29,29696,0,12.9474,False,False,22,96,True
legacy_simple_ppo,medium,medium_01,201,7,ppo,30,30720,0,13.3489,False,False,19,96,True
legacy_simple_ppo,medium,medium_01,201,7,ppo,31,31744,0,13.7659,False,False,25,96,True
legacy_simple_ppo,medium,medium_01,201,7,ppo,32,32768,0,14.211,False,False,21,96,True
legacy_simple_ppo,medium,medium_01,201,7,ppo,33,33792,0,14.6334,False,False,24,96,True
legacy_simple_ppo,medium,medium_01,201,7,ppo,34,34816,0,15.0692,False,False,21,96,True
legacy_simple_ppo,medium,medium_01,201,7,ppo,35,35840,0,15.4533,False,False,25,96,True
legacy_simple_ppo,medium,medium_01,201,7,ppo,36,36864,0,15.8988,False,False,23,96,True
legacy_simple_ppo,medium,medium_01,201,7,ppo,37,37888,0,16.2976,False,False,25,96,True
legacy_simple_ppo,medium,medium_01,201,7,ppo,38,38912,0,16.671,False,False,23,96,True
legacy_simple_ppo,medium,medium_01,201,7,ppo,39,39936,0,17.0883,False,False,20,96,True
legacy_simple_ppo,medium,medium_01,201,7,ppo,40,40960,0,17.4833,False,False,24,96,True
compact_ppo,medium,medium_01,201,7,bc,0,0,0,0.0,False,False,25,96,True
compact_ppo,medium,medium_01,201,7,bc,1,0,1,0.0072,False,False,27,96,True
compact_ppo,medium,medium_01,201,7,bc,50,0,50,0.1702,False,False,27,96,True
compact_ppo,medium,medium_01,201,7,bc,100,0,100,0.3513,False,False,28,96,True
compact_ppo,medium,medium_01,201,7,bc,150,0,150,0.5122,False,False,28,96,True
compact_ppo,medium,medium_01,201,7,bc,200,0,200,0.6647,False,False,28,96,True
compact_ppo,medium,medium_01,201,7,bc,250,0,250,0.8225,True,True,96,96,False
compact_ppo,medium,medium_01,201,7,bc,300,0,300,1.0053,True,True,96,96,False
compact_ppo,medium,medium_01,201,7,bc,350,0,350,1.1831,True,True,96,96,False
compact_ppo,medium,medium_01,201,7,bc,400,0,400,1.3759,True,True,96,96,False
compact_ppo,medium,medium_01,201,7,bc,450,0,450,1.5529,True,True,96,96,False
compact_ppo,medium,medium_01,201,7,bc,500,0,500,1.7519,True,True,96,96,False
compact_ppo,medium,medium_01,201,7,bc,550,0,550,1.9217,True,True,96,96,False
compact_ppo,medium,medium_01,201,7,bc,600,0,600,2.207,True,True,96,96,False
compact_ppo,medium,medium_01,201,7,bc,650,0,650,2.3841,True,True,96,96,False
compact_ppo,medium,medium_01,201,7,bc,700,0,700,2.5484,True,True,96,96,False
compact_ppo,medium,medium_01,201,7,bc,750,0,750,2.7145,True,True,96,96,False
compact_ppo,medium,medium_01,201,7,bc,800,0,800,2.8904,True,True,96,96,False
compact_ppo,medium,medium_01,201,7,bc,850,0,850,3.0627,True,True,96,96,False
compact_ppo,medium,medium_01,201,7,bc,900,0,900,3.2666,True,True,96,96,False
compact_ppo,medium,medium_01,201,7,bc,950,0,950,3.5183,True,True,96,96,False
compact_ppo,medium,medium_01,201,7,bc,1000,0,1000,3.7288,True,True,96,96,False
compact_ppo,medium,medium_01,201,7,ppo,1,512,1000,3.9868,True,True,96,96,False
compact_ppo,medium,medium_01,201,7,ppo,2,1024,1000,4.2555,True,True,96,96,False
compact_ppo,medium,medium_01,201,7,ppo,3,1536,1000,4.5075,True,True,96,96,False
compact_ppo,medium,medium_01,201,7,ppo,4,2048,1000,4.7663,True,True,96,96,False
compact_ppo,medium,medium_01,201,7,ppo,5,2560,1000,5.0428,True,True,96,96,False
compact_ppo,medium,medium_01,201,7,ppo,6,3072,1000,5.2961,True,True,96,96,False
compact_ppo,medium,medium_01,201,7,ppo,7,3584,1000,5.5511,True,True,96,96,False
compact_ppo,medium,medium_01,201,7,ppo,8,4096,1000,5.779,True,True,96,96,False
compact_ppo,medium,medium_01,201,7,ppo,9,4608,1000,6.0075,True,True,96,96,False
compact_ppo,medium,medium_01,201,7,ppo,10,5120,1000,6.2702,True,True,96,96,False
legacy_simple_ppo,medium,medium_01,201,17,ppo,0,0,0,0.0,False,False,22,96,False
legacy_simple_ppo,medium,medium_01,201,17,ppo,1,1024,0,0.4214,False,False,24,96,False
legacy_simple_ppo,medium,medium_01,201,17,ppo,2,2048,0,0.8596,False,False,25,96,True
legacy_simple_ppo,medium,medium_01,201,17,ppo,3,3072,0,1.273,False,False,25,96,True
legacy_simple_ppo,medium,medium_01,201,17,ppo,4,4096,0,1.6879,False,False,18,96,True
legacy_simple_ppo,medium,medium_01,201,17,ppo,5,5120,0,2.1,False,False,25,96,True
legacy_simple_ppo,medium,medium_01,201,17,ppo,6,6144,0,2.4944,False,False,17,96,True
legacy_simple_ppo,medium,medium_01,201,17,ppo,7,7168,0,2.8884,False,False,25,96,True
legacy_simple_ppo,medium,medium_01,201,17,ppo,8,8192,0,3.3374,False,False,19,96,True
legacy_simple_ppo,medium,medium_01,201,17,ppo,9,9216,0,3.7235,False,False,12,96,True
legacy_simple_ppo,medium,medium_01,201,17,ppo,10,10240,0,4.1194,False,False,22,96,True
legacy_simple_ppo,medium,medium_01,201,17,ppo,11,11264,0,4.5739,False,False,22,96,True
legacy_simple_ppo,medium,medium_01,201,17,ppo,12,12288,0,5.0195,False,False,23,96,True
legacy_simple_ppo,medium,medium_01,201,17,ppo,13,13312,0,5.482,False,False,15,96,True
legacy_simple_ppo,medium,medium_01,201,17,ppo,14,14336,0,5.9524,False,False,25,96,True
legacy_simple_ppo,medium,medium_01,201,17,ppo,15,15360,0,6.3946,False,False,16,96,True
legacy_simple_ppo,medium,medium_01,201,17,ppo,16,16384,0,6.8898,False,False,25,96,True
legacy_simple_ppo,medium,medium_01,201,17,ppo,17,17408,0,7.3299,False,False,18,96,True
legacy_simple_ppo,medium,medium_01,201,17,ppo,18,18432,0,7.7446,False,False,25,96,True
legacy_simple_ppo,medium,medium_01,201,17,ppo,19,19456,0,8.164,False,False,19,96,True
legacy_simple_ppo,medium,medium_01,201,17,ppo,20,20480,0,8.5587,False,False,25,96,True
legacy_simple_ppo,medium,medium_01,201,17,ppo,21,21504,0,8.9527,False,False,21,96,True
legacy_simple_ppo,medium,medium_01,201,17,ppo,22,22528,0,9.3712,False,False,25,96,True
legacy_simple_ppo,medium,medium_01,201,17,ppo,23,23552,0,9.7589,False,False,21,96,True
legacy_simple_ppo,medium,medium_01,201,17,ppo,24,24576,0,10.142,False,False,25,96,True
legacy_simple_ppo,medium,medium_01,201,17,ppo,25,25600,0,10.6063,False,False,21,96,True
legacy_simple_ppo,medium,medium_01,201,17,ppo,26,26624,0,11.0616,False,False,25,96,True
legacy_simple_ppo,medium,medium_01,201,17,ppo,27,27648,0,11.4983,False,False,20,96,True
legacy_simple_ppo,medium,medium_01,201,17,ppo,28,28672,0,11.9227,False,False,25,96,True
legacy_simple_ppo,medium,medium_01,201,17,ppo,29,29696,0,12.3663,False,False,20,96,True
legacy_simple_ppo,medium,medium_01,201,17,ppo,30,30720,0,12.8684,False,False,19,96,True
legacy_simple_ppo,medium,medium_01,201,17,ppo,31,31744,0,13.3052,False,False,25,96,True
legacy_simple_ppo,medium,medium_01,201,17,ppo,32,32768,0,13.7124,False,False,23,96,True
legacy_simple_ppo,medium,medium_01,201,17,ppo,33,33792,0,14.153,False,False,22,96,True
legacy_simple_ppo,medium,medium_01,201,17,ppo,34,34816,0,14.6142,False,False,24,96,True
legacy_simple_ppo,medium,medium_01,201,17,ppo,35,35840,0,15.0572,False,False,20,96,True
legacy_simple_ppo,medium,medium_01,201,17,ppo,36,36864,0,15.5475,False,False,24,96,True
legacy_simple_ppo,medium,medium_01,201,17,ppo,37,37888,0,16.0367,False,False,21,96,True
legacy_simple_ppo,medium,medium_01,201,17,ppo,38,38912,0,16.634,False,False,20,96,True
legacy_simple_ppo,medium,medium_01,201,17,ppo,39,39936,0,17.2818,False,False,25,96,True
legacy_simple_ppo,medium,medium_01,201,17,ppo,40,40960,0,17.8701,False,False,21,96,True
compact_ppo,medium,medium_01,201,17,bc,0,0,0,0.0,False,False,2,96,True
compact_ppo,medium,medium_01,201,17,bc,1,0,1,0.0058,False,False,28,96,True
compact_ppo,medium,medium_01,201,17,bc,50,0,50,0.1929,False,False,27,96,True
compact_ppo,medium,medium_01,201,17,bc,100,0,100,0.3812,False,False,28,96,True
compact_ppo,medium,medium_01,201,17,bc,150,0,150,0.5696,False,False,28,96,True
compact_ppo,medium,medium_01,201,17,bc,200,0,200,0.742,True,True,96,96,False
compact_ppo,medium,medium_01,201,17,bc,250,0,250,0.9255,True,True,96,96,False
compact_ppo,medium,medium_01,201,17,bc,300,0,300,1.107,True,True,96,96,False
compact_ppo,medium,medium_01,201,17,bc,350,0,350,1.3095,True,True,96,96,False
compact_ppo,medium,medium_01,201,17,bc,400,0,400,1.4929,True,True,96,96,False
compact_ppo,medium,medium_01,201,17,bc,450,0,450,1.6856,True,True,96,96,False
compact_ppo,medium,medium_01,201,17,bc,500,0,500,1.8819,True,True,96,96,False
compact_ppo,medium,medium_01,201,17,bc,550,0,550,2.0844,True,True,96,96,False
compact_ppo,medium,medium_01,201,17,bc,600,0,600,2.2809,True,True,96,96,False
compact_ppo,medium,medium_01,201,17,bc,650,0,650,2.464,True,True,96,96,False
compact_ppo,medium,medium_01,201,17,bc,700,0,700,2.6297,True,True,96,96,False
compact_ppo,medium,medium_01,201,17,bc,750,0,750,2.797,True,True,96,96,False
compact_ppo,medium,medium_01,201,17,bc,800,0,800,3.0164,True,True,96,96,False
compact_ppo,medium,medium_01,201,17,bc,850,0,850,3.2083,True,True,96,96,False
compact_ppo,medium,medium_01,201,17,bc,900,0,900,3.3973,True,True,96,96,False
compact_ppo,medium,medium_01,201,17,bc,950,0,950,3.5857,True,True,96,96,False
compact_ppo,medium,medium_01,201,17,bc,1000,0,1000,3.775,True,True,96,96,False
compact_ppo,medium,medium_01,201,17,ppo,1,512,1000,4.0417,True,True,96,96,False
compact_ppo,medium,medium_01,201,17,ppo,2,1024,1000,4.3005,True,True,96,96,False
compact_ppo,medium,medium_01,201,17,ppo,3,1536,1000,4.5503,True,True,96,96,False
compact_ppo,medium,medium_01,201,17,ppo,4,2048,1000,4.8386,True,True,96,96,False
compact_ppo,medium,medium_01,201,17,ppo,5,2560,1000,5.0892,True,True,96,96,False
compact_ppo,medium,medium_01,201,17,ppo,6,3072,1000,5.3584,True,True,96,96,False
compact_ppo,medium,medium_01,201,17,ppo,7,3584,1000,5.6005,True,True,96,96,False
compact_ppo,medium,medium_01,201,17,ppo,8,4096,1000,5.8629,True,True,96,96,False
compact_ppo,medium,medium_01,201,17,ppo,9,4608,1000,6.1197,True,True,96,96,False
compact_ppo,medium,medium_01,201,17,ppo,10,5120,1000,6.3914,True,True,96,96,False
legacy_simple_ppo,medium,medium_02,202,7,ppo,0,0,0,0.0,False,False,0,144,False
legacy_simple_ppo,medium,medium_02,202,7,ppo,1,1024,0,0.4641,False,False,0,144,False
legacy_simple_ppo,medium,medium_02,202,7,ppo,2,2048,0,0.9929,False,False,15,144,True
legacy_simple_ppo,medium,medium_02,202,7,ppo,3,3072,0,1.6129,False,False,19,144,True
legacy_simple_ppo,medium,medium_02,202,7,ppo,4,4096,0,2.2264,False,False,25,144,True
legacy_simple_ppo,medium,medium_02,202,7,ppo,5,5120,0,2.6935,False,False,19,144,True
legacy_simple_ppo,medium,medium_02,202,7,ppo,6,6144,0,3.1291,False,False,25,144,True
legacy_simple_ppo,medium,medium_02,202,7,ppo,7,7168,0,3.6318,False,False,18,144,True
legacy_simple_ppo,medium,medium_02,202,7,ppo,8,8192,0,4.0533,False,False,25,144,True
legacy_simple_ppo,medium,medium_02,202,7,ppo,9,9216,0,4.5344,False,False,17,144,True
legacy_simple_ppo,medium,medium_02,202,7,ppo,10,10240,0,4.9931,False,False,25,144,True
legacy_simple_ppo,medium,medium_02,202,7,ppo,11,11264,0,5.4869,False,False,21,144,True
legacy_simple_ppo,medium,medium_02,202,7,ppo,12,12288,0,5.9172,False,False,25,144,True
legacy_simple_ppo,medium,medium_02,202,7,ppo,13,13312,0,6.3422,False,False,22,144,True
legacy_simple_ppo,medium,medium_02,202,7,ppo,14,14336,0,6.802,False,False,25,144,True
legacy_simple_ppo,medium,medium_02,202,7,ppo,15,15360,0,7.2393,False,False,18,144,True
legacy_simple_ppo,medium,medium_02,202,7,ppo,16,16384,0,7.6895,False,False,25,144,True
legacy_simple_ppo,medium,medium_02,202,7,ppo,17,17408,0,8.1306,False,False,20,144,True
legacy_simple_ppo,medium,medium_02,202,7,ppo,18,18432,0,8.5748,False,False,25,144,True
legacy_simple_ppo,medium,medium_02,202,7,ppo,19,19456,0,9.0121,False,False,22,144,True
legacy_simple_ppo,medium,medium_02,202,7,ppo,20,20480,0,9.4416,False,False,25,144,True
legacy_simple_ppo,medium,medium_02,202,7,ppo,21,21504,0,9.8986,False,False,23,144,True
legacy_simple_ppo,medium,medium_02,202,7,ppo,22,22528,0,10.3494,False,False,18,144,True
legacy_simple_ppo,medium,medium_02,202,7,ppo,23,23552,0,10.7775,False,False,23,144,True
legacy_simple_ppo,medium,medium_02,202,7,ppo,24,24576,0,11.2421,False,False,25,144,True
legacy_simple_ppo,medium,medium_02,202,7,ppo,25,25600,0,11.6922,False,False,22,144,True
legacy_simple_ppo,medium,medium_02,202,7,ppo,26,26624,0,12.1489,False,False,22,144,True
legacy_simple_ppo,medium,medium_02,202,7,ppo,27,27648,0,12.5968,False,False,17,144,True
legacy_simple_ppo,medium,medium_02,202,7,ppo,28,28672,0,13.0652,False,False,23,144,True
legacy_simple_ppo,medium,medium_02,202,7,ppo,29,29696,0,13.537,False,False,21,144,True
legacy_simple_ppo,medium,medium_02,202,7,ppo,30,30720,0,13.9441,False,False,23,144,True
legacy_simple_ppo,medium,medium_02,202,7,ppo,31,31744,0,14.376,False,False,25,144,True
legacy_simple_ppo,medium,medium_02,202,7,ppo,32,32768,0,14.8086,False,False,24,144,True
legacy_simple_ppo,medium,medium_02,202,7,ppo,33,33792,0,15.2618,False,False,22,144,True
legacy_simple_ppo,medium,medium_02,202,7,ppo,34,34816,0,15.7047,False,False,24,144,True
legacy_simple_ppo,medium,medium_02,202,7,ppo,35,35840,0,16.1829,False,False,21,144,True
legacy_simple_ppo,medium,medium_02,202,7,ppo,36,36864,0,16.6768,False,False,25,144,True
legacy_simple_ppo,medium,medium_02,202,7,ppo,37,37888,0,17.1859,False,False,23,144,True
legacy_simple_ppo,medium,medium_02,202,7,ppo,38,38912,0,17.6692,False,False,21,144,True
legacy_simple_ppo,medium,medium_02,202,7,ppo,39,39936,0,18.1407,False,False,25,144,True
legacy_simple_ppo,medium,medium_02,202,7,ppo,40,40960,0,18.6492,False,False,23,144,True
compact_ppo,medium,medium_02,202,7,bc,0,0,0,0.0,False,False,25,144,True
compact_ppo,medium,medium_02,202,7,bc,1,0,1,0.0097,False,False,27,144,True
compact_ppo,medium,medium_02,202,7,bc,50,0,50,0.2253,False,False,2,144,True
compact_ppo,medium,medium_02,202,7,bc,100,0,100,0.4357,False,False,25,144,True
compact_ppo,medium,medium_02,202,7,bc,150,0,150,0.6522,False,False,28,144,True
compact_ppo,medium,medium_02,202,7,bc,200,0,200,0.8918,False,False,28,144,True
compact_ppo,medium,medium_02,202,7,bc,250,0,250,1.1488,False,False,28,144,True
compact_ppo,medium,medium_02,202,7,bc,300,0,300,1.4033,False,False,28,144,True
compact_ppo,medium,medium_02,202,7,bc,350,0,350,1.6565,False,False,28,144,True
compact_ppo,medium,medium_02,202,7,bc,400,0,400,1.9233,False,False,28,144,True
compact_ppo,medium,medium_02,202,7,bc,450,0,450,2.1725,False,False,28,144,True
compact_ppo,medium,medium_02,202,7,bc,500,0,500,2.4242,False,False,28,144,True
compact_ppo,medium,medium_02,202,7,bc,550,0,550,2.6521,False,False,28,144,True
compact_ppo,medium,medium_02,202,7,bc,600,0,600,2.9151,False,False,54,144,True
compact_ppo,medium,medium_02,202,7,bc,650,0,650,3.1583,True,True,144,144,False
compact_ppo,medium,medium_02,202,7,bc,700,0,700,3.3819,True,True,144,144,False
compact_ppo,medium,medium_02,202,7,bc,750,0,750,3.6129,True,True,144,144,False
compact_ppo,medium,medium_02,202,7,bc,800,0,800,3.8319,True,True,144,144,False
compact_ppo,medium,medium_02,202,7,bc,850,0,850,4.041,True,True,144,144,False
compact_ppo,medium,medium_02,202,7,bc,900,0,900,4.2718,True,True,144,144,False
compact_ppo,medium,medium_02,202,7,bc,950,0,950,4.5372,True,True,144,144,False
compact_ppo,medium,medium_02,202,7,bc,1000,0,1000,4.7708,True,True,144,144,False
compact_ppo,medium,medium_02,202,7,ppo,1,512,1000,5.0594,True,True,144,144,False
compact_ppo,medium,medium_02,202,7,ppo,2,1024,1000,5.3242,True,True,144,144,False
compact_ppo,medium,medium_02,202,7,ppo,3,1536,1000,5.6077,True,True,144,144,False
compact_ppo,medium,medium_02,202,7,ppo,4,2048,1000,5.8884,True,True,144,144,False
compact_ppo,medium,medium_02,202,7,ppo,5,2560,1000,6.1647,True,True,144,144,False
compact_ppo,medium,medium_02,202,7,ppo,6,3072,1000,6.4412,True,True,144,144,False
compact_ppo,medium,medium_02,202,7,ppo,7,3584,1000,6.7458,True,True,144,144,False
compact_ppo,medium,medium_02,202,7,ppo,8,4096,1000,7.0404,True,True,144,144,False
compact_ppo,medium,medium_02,202,7,ppo,9,4608,1000,7.3544,True,True,144,144,False
compact_ppo,medium,medium_02,202,7,ppo,10,5120,1000,7.657,True,True,144,144,False
legacy_simple_ppo,medium,medium_02,202,17,ppo,0,0,0,0.0,False,False,22,144,False
legacy_simple_ppo,medium,medium_02,202,17,ppo,1,1024,0,0.525,False,False,24,144,False
legacy_simple_ppo,medium,medium_02,202,17,ppo,2,2048,0,1.0088,False,False,25,144,True
legacy_simple_ppo,medium,medium_02,202,17,ppo,3,3072,0,1.4644,False,False,25,144,True
legacy_simple_ppo,medium,medium_02,202,17,ppo,4,4096,0,1.9503,False,False,22,144,True
legacy_simple_ppo,medium,medium_02,202,17,ppo,5,5120,0,2.4252,False,False,22,144,True
legacy_simple_ppo,medium,medium_02,202,17,ppo,6,6144,0,2.9045,False,False,19,144,True
legacy_simple_ppo,medium,medium_02,202,17,ppo,7,7168,0,3.3579,False,False,25,144,True
legacy_simple_ppo,medium,medium_02,202,17,ppo,8,8192,0,3.8623,False,False,23,144,True
legacy_simple_ppo,medium,medium_02,202,17,ppo,9,9216,0,4.3628,False,False,15,144,True
legacy_simple_ppo,medium,medium_02,202,17,ppo,10,10240,0,4.8267,False,False,25,144,True
legacy_simple_ppo,medium,medium_02,202,17,ppo,11,11264,0,5.3382,False,False,16,144,True
legacy_simple_ppo,medium,medium_02,202,17,ppo,12,12288,0,5.7829,False,False,25,144,True
legacy_simple_ppo,medium,medium_02,202,17,ppo,13,13312,0,6.2778,False,False,19,144,True
legacy_simple_ppo,medium,medium_02,202,17,ppo,14,14336,0,6.7571,False,False,25,144,True
legacy_simple_ppo,medium,medium_02,202,17,ppo,15,15360,0,7.2582,False,False,20,144,True
legacy_simple_ppo,medium,medium_02,202,17,ppo,16,16384,0,7.8073,False,False,25,144,True
legacy_simple_ppo,medium,medium_02,202,17,ppo,17,17408,0,8.3991,False,False,22,144,True
legacy_simple_ppo,medium,medium_02,202,17,ppo,18,18432,0,8.9296,False,False,25,144,True
legacy_simple_ppo,medium,medium_02,202,17,ppo,19,19456,0,9.4327,False,False,25,144,True
legacy_simple_ppo,medium,medium_02,202,17,ppo,20,20480,0,9.9423,False,False,23,144,True
legacy_simple_ppo,medium,medium_02,202,17,ppo,21,21504,0,10.4155,False,False,16,144,True
legacy_simple_ppo,medium,medium_02,202,17,ppo,22,22528,0,10.8796,False,False,25,144,True
legacy_simple_ppo,medium,medium_02,202,17,ppo,23,23552,0,11.3716,False,False,18,144,True
legacy_simple_ppo,medium,medium_02,202,17,ppo,24,24576,0,11.8904,False,False,25,144,True
legacy_simple_ppo,medium,medium_02,202,17,ppo,25,25600,0,12.3591,False,False,22,144,True
legacy_simple_ppo,medium,medium_02,202,17,ppo,26,26624,0,12.84,False,False,15,144,True
legacy_simple_ppo,medium,medium_02,202,17,ppo,27,27648,0,13.3213,False,False,24,144,True
legacy_simple_ppo,medium,medium_02,202,17,ppo,28,28672,0,13.7485,False,False,18,144,True
legacy_simple_ppo,medium,medium_02,202,17,ppo,29,29696,0,14.169,False,False,25,144,True
legacy_simple_ppo,medium,medium_02,202,17,ppo,30,30720,0,14.6249,False,False,20,144,True
legacy_simple_ppo,medium,medium_02,202,17,ppo,31,31744,0,15.1093,False,False,25,144,True
legacy_simple_ppo,medium,medium_02,202,17,ppo,32,32768,0,15.7062,False,False,23,144,True
legacy_simple_ppo,medium,medium_02,202,17,ppo,33,33792,0,16.2295,False,False,25,144,True
legacy_simple_ppo,medium,medium_02,202,17,ppo,34,34816,0,16.6753,False,False,24,144,True
legacy_simple_ppo,medium,medium_02,202,17,ppo,35,35840,0,17.1584,False,False,20,144,True
legacy_simple_ppo,medium,medium_02,202,17,ppo,36,36864,0,17.6282,False,False,23,144,True
legacy_simple_ppo,medium,medium_02,202,17,ppo,37,37888,0,18.0548,False,False,18,144,True
legacy_simple_ppo,medium,medium_02,202,17,ppo,38,38912,0,18.5169,False,False,23,144,True
legacy_simple_ppo,medium,medium_02,202,17,ppo,39,39936,0,18.9696,False,False,25,144,True
legacy_simple_ppo,medium,medium_02,202,17,ppo,40,40960,0,19.4264,False,False,24,144,True
compact_ppo,medium,medium_02,202,17,bc,0,0,0,0.0,False,False,2,144,True
compact_ppo,medium,medium_02,202,17,bc,1,0,1,0.0054,False,False,28,144,True
compact_ppo,medium,medium_02,202,17,bc,50,0,50,0.1829,False,False,2,144,True
compact_ppo,medium,medium_02,202,17,bc,100,0,100,0.3668,False,False,25,144,True
compact_ppo,medium,medium_02,202,17,bc,150,0,150,0.5649,False,False,28,144,True
compact_ppo,medium,medium_02,202,17,bc,200,0,200,0.7635,False,False,28,144,True
compact_ppo,medium,medium_02,202,17,bc,250,0,250,0.9798,False,False,28,144,True
compact_ppo,medium,medium_02,202,17,bc,300,0,300,1.2014,False,False,28,144,True
compact_ppo,medium,medium_02,202,17,bc,350,0,350,1.408,False,False,28,144,True
compact_ppo,medium,medium_02,202,17,bc,400,0,400,1.586,False,False,28,144,True
compact_ppo,medium,medium_02,202,17,bc,450,0,450,1.7851,False,False,28,144,True
compact_ppo,medium,medium_02,202,17,bc,500,0,500,1.9753,True,True,144,144,False
compact_ppo,medium,medium_02,202,17,bc,550,0,550,2.1771,True,True,144,144,False
compact_ppo,medium,medium_02,202,17,bc,600,0,600,2.3697,True,True,144,144,False
compact_ppo,medium,medium_02,202,17,bc,650,0,650,2.5636,True,True,144,144,False
compact_ppo,medium,medium_02,202,17,bc,700,0,700,2.7647,True,True,144,144,False
compact_ppo,medium,medium_02,202,17,bc,750,0,750,2.9674,True,True,144,144,False
compact_ppo,medium,medium_02,202,17,bc,800,0,800,3.165,True,True,144,144,False
compact_ppo,medium,medium_02,202,17,bc,850,0,850,3.3666,True,True,144,144,False
compact_ppo,medium,medium_02,202,17,bc,900,0,900,3.5687,True,True,144,144,False
compact_ppo,medium,medium_02,202,17,bc,950,0,950,3.7799,True,True,144,144,False
compact_ppo,medium,medium_02,202,17,bc,1000,0,1000,4.009,True,True,144,144,False
compact_ppo,medium,medium_02,202,17,ppo,1,512,1000,4.2968,True,True,144,144,False
compact_ppo,medium,medium_02,202,17,ppo,2,1024,1000,4.5962,True,True,144,144,False
compact_ppo,medium,medium_02,202,17,ppo,3,1536,1000,4.883,True,True,144,144,False
compact_ppo,medium,medium_02,202,17,ppo,4,2048,1000,5.1779,True,True,144,144,False
compact_ppo,medium,medium_02,202,17,ppo,5,2560,1000,5.4683,True,True,144,144,False
compact_ppo,medium,medium_02,202,17,ppo,6,3072,1000,5.7487,True,True,144,144,False
compact_ppo,medium,medium_02,202,17,ppo,7,3584,1000,6.0585,True,True,144,144,False
compact_ppo,medium,medium_02,202,17,ppo,8,4096,1000,6.3263,True,True,144,144,False
compact_ppo,medium,medium_02,202,17,ppo,9,4608,1000,6.5936,True,True,144,144,False
compact_ppo,medium,medium_02,202,17,ppo,10,5120,1000,6.9557,True,True,144,144,False
legacy_simple_ppo,large,large_00,300,7,ppo,0,0,0,0.0,False,False,0,204,False
legacy_simple_ppo,large,large_00,300,7,ppo,1,1024,0,0.5469,False,False,0,204,False
legacy_simple_ppo,large,large_00,300,7,ppo,2,2048,0,1.0739,False,False,23,204,True
legacy_simple_ppo,large,large_00,300,7,ppo,3,3072,0,1.4744,False,False,34,204,True
legacy_simple_ppo,large,large_00,300,7,ppo,4,4096,0,1.8516,False,False,34,204,False
legacy_simple_ppo,large,large_00,300,7,ppo,5,5120,0,2.2338,False,False,29,204,True
legacy_simple_ppo,large,large_00,300,7,ppo,6,6144,0,2.6219,False,False,34,204,False
legacy_simple_ppo,large,large_00,300,7,ppo,7,7168,0,3.0071,False,False,27,204,True
legacy_simple_ppo,large,large_00,300,7,ppo,8,8192,0,3.4024,False,False,35,204,True
legacy_simple_ppo,large,large_00,300,7,ppo,9,9216,0,3.8179,False,False,26,204,True
legacy_simple_ppo,large,large_00,300,7,ppo,10,10240,0,4.2332,False,False,35,204,True
legacy_simple_ppo,large,large_00,300,7,ppo,11,11264,0,4.6483,False,False,30,204,True
legacy_simple_ppo,large,large_00,300,7,ppo,12,12288,0,5.0637,False,False,35,204,True
legacy_simple_ppo,large,large_00,300,7,ppo,13,13312,0,5.4523,False,False,32,204,True
legacy_simple_ppo,large,large_00,300,7,ppo,14,14336,0,5.8551,False,False,35,204,True
legacy_simple_ppo,large,large_00,300,7,ppo,15,15360,0,6.2509,False,False,26,204,True
legacy_simple_ppo,large,large_00,300,7,ppo,16,16384,0,6.6679,False,False,35,204,True
legacy_simple_ppo,large,large_00,300,7,ppo,17,17408,0,7.0872,False,False,30,204,True
legacy_simple_ppo,large,large_00,300,7,ppo,18,18432,0,7.512,False,False,21,204,True
legacy_simple_ppo,large,large_00,300,7,ppo,19,19456,0,7.9153,False,False,33,204,True
legacy_simple_ppo,large,large_00,300,7,ppo,20,20480,0,8.3346,False,False,35,204,True
legacy_simple_ppo,large,large_00,300,7,ppo,21,21504,0,8.7678,False,False,33,204,True
legacy_simple_ppo,large,large_00,300,7,ppo,22,22528,0,9.1996,False,False,26,204,True
legacy_simple_ppo,large,large_00,300,7,ppo,23,23552,0,9.5939,False,False,35,204,True
legacy_simple_ppo,large,large_00,300,7,ppo,24,24576,0,10.0169,False,False,28,204,True
legacy_simple_ppo,large,large_00,300,7,ppo,25,25600,0,10.4361,False,False,35,204,True
legacy_simple_ppo,large,large_00,300,7,ppo,26,26624,0,10.9054,False,False,31,204,True
legacy_simple_ppo,large,large_00,300,7,ppo,27,27648,0,11.296,False,False,28,204,True
legacy_simple_ppo,large,large_00,300,7,ppo,28,28672,0,11.7075,False,False,35,204,True
legacy_simple_ppo,large,large_00,300,7,ppo,29,29696,0,12.1383,False,False,34,204,True
legacy_simple_ppo,large,large_00,300,7,ppo,30,30720,0,12.5693,False,False,31,204,True
legacy_simple_ppo,large,large_00,300,7,ppo,31,31744,0,12.9823,False,False,35,204,True
legacy_simple_ppo,large,large_00,300,7,ppo,32,32768,0,13.374,False,False,31,204,True
legacy_simple_ppo,large,large_00,300,7,ppo,33,33792,0,13.7747,False,False,35,204,True
legacy_simple_ppo,large,large_00,300,7,ppo,34,34816,0,14.2272,False,False,35,204,True
legacy_simple_ppo,large,large_00,300,7,ppo,35,35840,0,14.738,False,False,30,204,True
legacy_simple_ppo,large,large_00,300,7,ppo,36,36864,0,15.2758,False,False,35,204,True
legacy_simple_ppo,large,large_00,300,7,ppo,37,37888,0,15.7792,False,False,35,204,True
legacy_simple_ppo,large,large_00,300,7,ppo,38,38912,0,16.3824,False,False,31,204,True
legacy_simple_ppo,large,large_00,300,7,ppo,39,39936,0,16.9116,False,False,35,204,True
legacy_simple_ppo,large,large_00,300,7,ppo,40,40960,0,17.3578,False,False,34,204,True
compact_ppo,large,large_00,300,7,bc,0,0,0,0.0,False,False,35,204,True
compact_ppo,large,large_00,300,7,bc,1,0,1,0.0112,False,False,37,204,True
compact_ppo,large,large_00,300,7,bc,50,0,50,0.2182,False,False,2,204,True
compact_ppo,large,large_00,300,7,bc,100,0,100,0.4311,False,False,35,204,True
compact_ppo,large,large_00,300,7,bc,150,0,150,0.6447,False,False,36,204,True
compact_ppo,large,large_00,300,7,bc,200,0,200,0.8598,False,False,37,204,True
compact_ppo,large,large_00,300,7,bc,250,0,250,1.0768,False,False,38,204,True
compact_ppo,large,large_00,300,7,bc,300,0,300,1.2938,False,False,38,204,True
compact_ppo,large,large_00,300,7,bc,350,0,350,1.5385,False,False,38,204,True
compact_ppo,large,large_00,300,7,bc,400,0,400,1.7618,False,False,38,204,True
compact_ppo,large,large_00,300,7,bc,450,0,450,1.9831,False,False,38,204,True
compact_ppo,large,large_00,300,7,bc,500,0,500,2.1921,False,False,38,204,True
compact_ppo,large,large_00,300,7,bc,550,0,550,2.4052,False,False,38,204,True
compact_ppo,large,large_00,300,7,bc,600,0,600,2.6321,False,False,38,204,True
compact_ppo,large,large_00,300,7,bc,650,0,650,2.8572,False,False,39,204,True
compact_ppo,large,large_00,300,7,bc,700,0,700,3.0694,False,False,79,204,True
compact_ppo,large,large_00,300,7,bc,750,0,750,3.3077,True,True,204,204,False
compact_ppo,large,large_00,300,7,bc,800,0,800,3.5412,True,True,204,204,False
compact_ppo,large,large_00,300,7,bc,850,0,850,3.7754,True,True,204,204,False
compact_ppo,large,large_00,300,7,bc,900,0,900,4.0087,True,True,204,204,False
compact_ppo,large,large_00,300,7,bc,950,0,950,4.2476,True,True,204,204,False
compact_ppo,large,large_00,300,7,bc,1000,0,1000,4.4892,True,True,204,204,False
compact_ppo,large,large_00,300,7,ppo,1,512,1000,4.7504,True,True,204,204,False
compact_ppo,large,large_00,300,7,ppo,2,1024,1000,5.018,True,True,204,204,False
compact_ppo,large,large_00,300,7,ppo,3,1536,1000,5.2929,True,True,204,204,False
compact_ppo,large,large_00,300,7,ppo,4,2048,1000,5.5622,True,True,204,204,False
compact_ppo,large,large_00,300,7,ppo,5,2560,1000,5.8633,True,True,204,204,False
compact_ppo,large,large_00,300,7,ppo,6,3072,1000,6.118,True,True,204,204,False
compact_ppo,large,large_00,300,7,ppo,7,3584,1000,6.3968,True,True,204,204,False
compact_ppo,large,large_00,300,7,ppo,8,4096,1000,6.7232,False,False,74,204,True
compact_ppo,large,large_00,300,7,ppo,9,4608,1000,6.973,False,False,57,204,True
compact_ppo,large,large_00,300,7,ppo,10,5120,1000,7.2377,False,False,70,204,True
legacy_simple_ppo,large,large_00,300,17,ppo,0,0,0,0.0,False,False,31,204,False
legacy_simple_ppo,large,large_00,300,17,ppo,1,1024,0,0.443,False,False,34,204,False
legacy_simple_ppo,large,large_00,300,17,ppo,2,2048,0,0.8738,False,False,34,204,False
legacy_simple_ppo,large,large_00,300,17,ppo,3,3072,0,1.3231,False,False,35,204,True
legacy_simple_ppo,large,large_00,300,17,ppo,4,4096,0,1.813,False,False,27,204,True
legacy_simple_ppo,large,large_00,300,17,ppo,5,5120,0,2.2786,False,False,35,204,True
legacy_simple_ppo,large,large_00,300,17,ppo,6,6144,0,2.7603,False,False,24,204,True
legacy_simple_ppo,large,large_00,300,17,ppo,7,7168,0,3.2676,False,False,35,204,True
legacy_simple_ppo,large,large_00,300,17,ppo,8,8192,0,3.7117,False,False,30,204,True
legacy_simple_ppo,large,large_00,300,17,ppo,9,9216,0,4.2403,False,False,35,204,True
legacy_simple_ppo,large,large_00,300,17,ppo,10,10240,0,4.7068,False,False,35,204,True
legacy_simple_ppo,large,large_00,300,17,ppo,11,11264,0,5.1577,False,False,35,204,True
legacy_simple_ppo,large,large_00,300,17,ppo,12,12288,0,5.6111,False,False,21,204,True
legacy_simple_ppo,large,large_00,300,17,ppo,13,13312,0,6.1337,False,False,35,204,True
legacy_simple_ppo,large,large_00,300,17,ppo,14,14336,0,6.6251,False,False,35,204,True
legacy_simple_ppo,large,large_00,300,17,ppo,15,15360,0,7.1245,False,False,35,204,True
legacy_simple_ppo,large,large_00,300,17,ppo,16,16384,0,7.6774,False,False,35,204,True
legacy_simple_ppo,large,large_00,300,17,ppo,17,17408,0,8.2419,False,False,26,204,True
legacy_simple_ppo,large,large_00,300,17,ppo,18,18432,0,8.7244,False,False,35,204,True
legacy_simple_ppo,large,large_00,300,17,ppo,19,19456,0,9.2187,False,False,31,204,True
legacy_simple_ppo,large,large_00,300,17,ppo,20,20480,0,9.7157,False,False,35,204,True
legacy_simple_ppo,large,large_00,300,17,ppo,21,21504,0,10.1725,False,False,27,204,True
legacy_simple_ppo,large,large_00,300,17,ppo,22,22528,0,10.6754,False,False,35,204,True
legacy_simple_ppo,large,large_00,300,17,ppo,23,23552,0,11.1784,False,False,31,204,True
legacy_simple_ppo,large,large_00,300,17,ppo,24,24576,0,11.6463,False,False,35,204,True
legacy_simple_ppo,large,large_00,300,17,ppo,25,25600,0,12.0889,False,False,34,204,True
legacy_simple_ppo,large,large_00,300,17,ppo,26,26624,0,12.5387,False,False,28,204,True
legacy_simple_ppo,large,large_00,300,17,ppo,27,27648,0,12.9777,False,False,35,204,True
legacy_simple_ppo,large,large_00,300,17,ppo,28,28672,0,13.4131,False,False,34,204,True
legacy_simple_ppo,large,large_00,300,17,ppo,29,29696,0,13.8548,False,False,35,204,True
legacy_simple_ppo,large,large_00,300,17,ppo,30,30720,0,14.3517,False,False,31,204,True
legacy_simple_ppo,large,large_00,300,17,ppo,31,31744,0,14.8159,False,False,35,204,True
legacy_simple_ppo,large,large_00,300,17,ppo,32,32768,0,15.2611,False,False,35,204,True
legacy_simple_ppo,large,large_00,300,17,ppo,33,33792,0,15.7126,False,False,35,204,True
legacy_simple_ppo,large,large_00,300,17,ppo,34,34816,0,16.1795,False,False,35,204,True
legacy_simple_ppo,large,large_00,300,17,ppo,35,35840,0,16.6259,False,False,35,204,True
legacy_simple_ppo,large,large_00,300,17,ppo,36,36864,0,17.0728,False,False,33,204,True
legacy_simple_ppo,large,large_00,300,17,ppo,37,37888,0,17.5405,False,False,28,204,True
legacy_simple_ppo,large,large_00,300,17,ppo,38,38912,0,18.0057,False,False,35,204,True
legacy_simple_ppo,large,large_00,300,17,ppo,39,39936,0,18.5168,False,False,33,204,True
legacy_simple_ppo,large,large_00,300,17,ppo,40,40960,0,19.0162,False,False,35,204,True
compact_ppo,large,large_00,300,17,bc,0,0,0,0.0,False,False,2,204,True
compact_ppo,large,large_00,300,17,bc,1,0,1,0.007,False,False,38,204,True
compact_ppo,large,large_00,300,17,bc,50,0,50,0.267,False,False,2,204,True
compact_ppo,large,large_00,300,17,bc,100,0,100,0.5115,False,False,35,204,True
compact_ppo,large,large_00,300,17,bc,150,0,150,0.7578,False,False,36,204,True
compact_ppo,large,large_00,300,17,bc,200,0,200,0.9969,False,False,38,204,True
compact_ppo,large,large_00,300,17,bc,250,0,250,1.2404,False,False,38,204,True
compact_ppo,large,large_00,300,17,bc,300,0,300,1.4758,False,False,38,204,True
compact_ppo,large,large_00,300,17,bc,350,0,350,1.7139,False,False,38,204,True
compact_ppo,large,large_00,300,17,bc,400,0,400,1.9472,False,False,38,204,True
compact_ppo,large,large_00,300,17,bc,450,0,450,2.1846,False,False,38,204,True
compact_ppo,large,large_00,300,17,bc,500,0,500,2.4202,False,False,38,204,True
compact_ppo,large,large_00,300,17,bc,550,0,550,2.6585,False,False,74,204,True
compact_ppo,large,large_00,300,17,bc,600,0,600,2.9072,False,False,74,204,True
compact_ppo,large,large_00,300,17,bc,650,0,650,3.141,True,True,204,204,False
compact_ppo,large,large_00,300,17,bc,700,0,700,3.4493,True,True,204,204,False
compact_ppo,large,large_00,300,17,bc,750,0,750,3.7342,True,True,204,204,False
compact_ppo,large,large_00,300,17,bc,800,0,800,4.004,True,True,204,204,False
compact_ppo,large,large_00,300,17,bc,850,0,850,4.2762,True,True,204,204,False
compact_ppo,large,large_00,300,17,bc,900,0,900,4.5531,True,True,204,204,False
compact_ppo,large,large_00,300,17,bc,950,0,950,4.8272,True,True,204,204,False
compact_ppo,large,large_00,300,17,bc,1000,0,1000,5.0874,True,True,204,204,False
compact_ppo,large,large_00,300,17,ppo,1,512,1000,5.443,True,True,204,204,False
compact_ppo,large,large_00,300,17,ppo,2,1024,1000,5.7373,True,True,204,204,False
compact_ppo,large,large_00,300,17,ppo,3,1536,1000,6.0224,True,True,204,204,False
compact_ppo,large,large_00,300,17,ppo,4,2048,1000,6.3039,False,False,2,204,True
compact_ppo,large,large_00,300,17,ppo,5,2560,1000,6.573,False,False,2,204,True
compact_ppo,large,large_00,300,17,ppo,6,3072,1000,6.8623,False,False,2,204,True
compact_ppo,large,large_00,300,17,ppo,7,3584,1000,7.1422,False,False,74,204,True
compact_ppo,large,large_00,300,17,ppo,8,4096,1000,7.4227,False,False,74,204,True
compact_ppo,large,large_00,300,17,ppo,9,4608,1000,7.6954,False,False,74,204,True
compact_ppo,large,large_00,300,17,ppo,10,5120,1000,7.9616,False,False,74,204,True
legacy_simple_ppo,large,large_01,301,7,ppo,0,0,0,0.0,False,False,0,204,False
legacy_simple_ppo,large,large_01,301,7,ppo,1,1024,0,0.4685,False,False,0,204,False
legacy_simple_ppo,large,large_01,301,7,ppo,2,2048,0,0.9535,False,False,23,204,True
legacy_simple_ppo,large,large_01,301,7,ppo,3,3072,0,1.4391,False,False,34,204,True
legacy_simple_ppo,large,large_01,301,7,ppo,4,4096,0,1.9634,False,False,34,204,False
legacy_simple_ppo,large,large_01,301,7,ppo,5,5120,0,2.4494,False,False,29,204,True
legacy_simple_ppo,large,large_01,301,7,ppo,6,6144,0,2.9026,False,False,34,204,False
legacy_simple_ppo,large,large_01,301,7,ppo,7,7168,0,3.3721,False,False,27,204,True
legacy_simple_ppo,large,large_01,301,7,ppo,8,8192,0,3.8359,False,False,35,204,True
legacy_simple_ppo,large,large_01,301,7,ppo,9,9216,0,4.3118,False,False,26,204,True
legacy_simple_ppo,large,large_01,301,7,ppo,10,10240,0,4.7909,False,False,35,204,True
legacy_simple_ppo,large,large_01,301,7,ppo,11,11264,0,5.3837,False,False,30,204,True
legacy_simple_ppo,large,large_01,301,7,ppo,12,12288,0,5.9301,False,False,35,204,True
legacy_simple_ppo,large,large_01,301,7,ppo,13,13312,0,6.4886,False,False,32,204,True
legacy_simple_ppo,large,large_01,301,7,ppo,14,14336,0,6.969,False,False,35,204,True
legacy_simple_ppo,large,large_01,301,7,ppo,15,15360,0,7.545,False,False,26,204,True
legacy_simple_ppo,large,large_01,301,7,ppo,16,16384,0,8.071,False,False,35,204,True
legacy_simple_ppo,large,large_01,301,7,ppo,17,17408,0,8.5774,False,False,30,204,True
legacy_simple_ppo,large,large_01,301,7,ppo,18,18432,0,9.1067,False,False,21,204,True
legacy_simple_ppo,large,large_01,301,7,ppo,19,19456,0,9.5974,False,False,33,204,True
legacy_simple_ppo,large,large_01,301,7,ppo,20,20480,0,10.1221,False,False,35,204,True
legacy_simple_ppo,large,large_01,301,7,ppo,21,21504,0,10.5464,False,False,33,204,True
legacy_simple_ppo,large,large_01,301,7,ppo,22,22528,0,10.9756,False,False,26,204,True
legacy_simple_ppo,large,large_01,301,7,ppo,23,23552,0,11.4482,False,False,35,204,True
legacy_simple_ppo,large,large_01,301,7,ppo,24,24576,0,11.8493,False,False,28,204,True
legacy_simple_ppo,large,large_01,301,7,ppo,25,25600,0,12.289,False,False,35,204,True
legacy_simple_ppo,large,large_01,301,7,ppo,26,26624,0,12.7404,False,False,31,204,True
legacy_simple_ppo,large,large_01,301,7,ppo,27,27648,0,13.1539,False,False,28,204,True
legacy_simple_ppo,large,large_01,301,7,ppo,28,28672,0,13.5739,False,False,35,204,True
legacy_simple_ppo,large,large_01,301,7,ppo,29,29696,0,14.0179,False,False,34,204,True
legacy_simple_ppo,large,large_01,301,7,ppo,30,30720,0,14.464,False,False,31,204,True
legacy_simple_ppo,large,large_01,301,7,ppo,31,31744,0,14.9059,False,False,35,204,True
legacy_simple_ppo,large,large_01,301,7,ppo,32,32768,0,15.3508,False,False,31,204,True
legacy_simple_ppo,large,large_01,301,7,ppo,33,33792,0,15.8127,False,False,35,204,True
legacy_simple_ppo,large,large_01,301,7,ppo,34,34816,0,16.246,False,False,35,204,True
legacy_simple_ppo,large,large_01,301,7,ppo,35,35840,0,16.6857,False,False,30,204,True
legacy_simple_ppo,large,large_01,301,7,ppo,36,36864,0,17.1188,False,False,35,204,True
legacy_simple_ppo,large,large_01,301,7,ppo,37,37888,0,17.6078,False,False,35,204,True
legacy_simple_ppo,large,large_01,301,7,ppo,38,38912,0,18.0488,False,False,31,204,True
legacy_simple_ppo,large,large_01,301,7,ppo,39,39936,0,18.4984,False,False,35,204,True
legacy_simple_ppo,large,large_01,301,7,ppo,40,40960,0,18.9451,False,False,34,204,True
compact_ppo,large,large_01,301,7,bc,0,0,0,0.0,False,False,35,204,True
compact_ppo,large,large_01,301,7,bc,1,0,1,0.0096,False,False,37,204,True
compact_ppo,large,large_01,301,7,bc,50,0,50,0.1959,False,False,2,204,True
compact_ppo,large,large_01,301,7,bc,100,0,100,0.3736,False,False,38,204,True
compact_ppo,large,large_01,301,7,bc,150,0,150,0.5738,False,False,38,204,True
compact_ppo,large,large_01,301,7,bc,200,0,200,0.7572,False,False,38,204,True
compact_ppo,large,large_01,301,7,bc,250,0,250,0.9518,False,False,51,204,True
compact_ppo,large,large_01,301,7,bc,300,0,300,1.1405,False,False,38,204,True
compact_ppo,large,large_01,301,7,bc,350,0,350,1.3381,True,True,204,204,False
compact_ppo,large,large_01,301,7,bc,400,0,400,1.5521,True,True,204,204,False
compact_ppo,large,large_01,301,7,bc,450,0,450,1.7717,True,True,204,204,False
compact_ppo,large,large_01,301,7,bc,500,0,500,1.9892,True,True,204,204,False
compact_ppo,large,large_01,301,7,bc,550,0,550,2.2066,True,True,204,204,False
compact_ppo,large,large_01,301,7,bc,600,0,600,2.4276,True,True,204,204,False
compact_ppo,large,large_01,301,7,bc,650,0,650,2.6457,True,True,204,204,False
compact_ppo,large,large_01,301,7,bc,700,0,700,2.8702,True,True,204,204,False
compact_ppo,large,large_01,301,7,bc,750,0,750,3.0892,True,True,204,204,False
compact_ppo,large,large_01,301,7,bc,800,0,800,3.3249,True,True,204,204,False
compact_ppo,large,large_01,301,7,bc,850,0,850,3.5422,True,True,204,204,False
compact_ppo,large,large_01,301,7,bc,900,0,900,3.7521,True,True,204,204,False
compact_ppo,large,large_01,301,7,bc,950,0,950,3.9656,True,True,204,204,False
compact_ppo,large,large_01,301,7,bc,1000,0,1000,4.1843,True,True,204,204,False
compact_ppo,large,large_01,301,7,ppo,1,512,1000,4.4602,True,True,204,204,False
compact_ppo,large,large_01,301,7,ppo,2,1024,1000,4.7668,True,True,204,204,False
compact_ppo,large,large_01,301,7,ppo,3,1536,1000,5.037,True,True,204,204,False
compact_ppo,large,large_01,301,7,ppo,4,2048,1000,5.3496,True,True,204,204,False
compact_ppo,large,large_01,301,7,ppo,5,2560,1000,5.6365,True,True,204,204,False
compact_ppo,large,large_01,301,7,ppo,6,3072,1000,5.879,True,True,204,204,False
compact_ppo,large,large_01,301,7,ppo,7,3584,1000,6.1303,True,True,204,204,False
compact_ppo,large,large_01,301,7,ppo,8,4096,1000,6.3873,True,True,204,204,False
compact_ppo,large,large_01,301,7,ppo,9,4608,1000,6.6387,True,True,204,204,False
compact_ppo,large,large_01,301,7,ppo,10,5120,1000,6.8801,True,True,204,204,False
legacy_simple_ppo,large,large_01,301,17,ppo,0,0,0,0.0,False,False,31,204,False
legacy_simple_ppo,large,large_01,301,17,ppo,1,1024,0,0.4619,False,False,34,204,False
legacy_simple_ppo,large,large_01,301,17,ppo,2,2048,0,0.8728,False,False,34,204,False
legacy_simple_ppo,large,large_01,301,17,ppo,3,3072,0,1.3234,False,False,35,204,True
legacy_simple_ppo,large,large_01,301,17,ppo,4,4096,0,1.7629,False,False,27,204,True
legacy_simple_ppo,large,large_01,301,17,ppo,5,5120,0,2.2054,False,False,35,204,True
legacy_simple_ppo,large,large_01,301,17,ppo,6,6144,0,2.7607,False,False,24,204,True
legacy_simple_ppo,large,large_01,301,17,ppo,7,7168,0,3.2561,False,False,35,204,True
legacy_simple_ppo,large,large_01,301,17,ppo,8,8192,0,3.8339,False,False,30,204,True
legacy_simple_ppo,large,large_01,301,17,ppo,9,9216,0,4.2938,False,False,35,204,True
legacy_simple_ppo,large,large_01,301,17,ppo,10,10240,0,4.7075,False,False,35,204,True
legacy_simple_ppo,large,large_01,301,17,ppo,11,11264,0,5.1704,False,False,35,204,True
legacy_simple_ppo,large,large_01,301,17,ppo,12,12288,0,5.6208,False,False,21,204,True
legacy_simple_ppo,large,large_01,301,17,ppo,13,13312,0,6.0269,False,False,35,204,True
legacy_simple_ppo,large,large_01,301,17,ppo,14,14336,0,6.4608,False,False,35,204,True
legacy_simple_ppo,large,large_01,301,17,ppo,15,15360,0,6.9284,False,False,35,204,True
legacy_simple_ppo,large,large_01,301,17,ppo,16,16384,0,7.3924,False,False,35,204,True
legacy_simple_ppo,large,large_01,301,17,ppo,17,17408,0,7.825,False,False,26,204,True
legacy_simple_ppo,large,large_01,301,17,ppo,18,18432,0,8.2754,False,False,35,204,True
legacy_simple_ppo,large,large_01,301,17,ppo,19,19456,0,8.7698,False,False,31,204,True
legacy_simple_ppo,large,large_01,301,17,ppo,20,20480,0,9.3374,False,False,35,204,True
legacy_simple_ppo,large,large_01,301,17,ppo,21,21504,0,9.8713,False,False,27,204,True
legacy_simple_ppo,large,large_01,301,17,ppo,22,22528,0,10.3272,False,False,35,204,True
legacy_simple_ppo,large,large_01,301,17,ppo,23,23552,0,10.749,False,False,31,204,True
legacy_simple_ppo,large,large_01,301,17,ppo,24,24576,0,11.1625,False,False,35,204,True
legacy_simple_ppo,large,large_01,301,17,ppo,25,25600,0,11.6282,False,False,34,204,True
legacy_simple_ppo,large,large_01,301,17,ppo,26,26624,0,12.026,False,False,28,204,True
legacy_simple_ppo,large,large_01,301,17,ppo,27,27648,0,12.4187,False,False,35,204,True
legacy_simple_ppo,large,large_01,301,17,ppo,28,28672,0,12.7991,False,False,34,204,True
legacy_simple_ppo,large,large_01,301,17,ppo,29,29696,0,13.2412,False,False,35,204,True
legacy_simple_ppo,large,large_01,301,17,ppo,30,30720,0,13.6949,False,False,31,204,True
legacy_simple_ppo,large,large_01,301,17,ppo,31,31744,0,14.2041,False,False,35,204,True
legacy_simple_ppo,large,large_01,301,17,ppo,32,32768,0,14.7411,False,False,35,204,True
legacy_simple_ppo,large,large_01,301,17,ppo,33,33792,0,15.246,False,False,35,204,True
legacy_simple_ppo,large,large_01,301,17,ppo,34,34816,0,15.7374,False,False,35,204,True
legacy_simple_ppo,large,large_01,301,17,ppo,35,35840,0,16.1639,False,False,35,204,True
legacy_simple_ppo,large,large_01,301,17,ppo,36,36864,0,16.5712,False,False,33,204,True
legacy_simple_ppo,large,large_01,301,17,ppo,37,37888,0,17.0026,False,False,28,204,True
legacy_simple_ppo,large,large_01,301,17,ppo,38,38912,0,17.3987,False,False,35,204,True
legacy_simple_ppo,large,large_01,301,17,ppo,39,39936,0,17.8105,False,False,33,204,True
legacy_simple_ppo,large,large_01,301,17,ppo,40,40960,0,18.2209,False,False,35,204,True
compact_ppo,large,large_01,301,17,bc,0,0,0,0.0,False,False,2,204,True
compact_ppo,large,large_01,301,17,bc,1,0,1,0.005,False,False,38,204,True
compact_ppo,large,large_01,301,17,bc,50,0,50,0.1955,False,False,2,204,True
compact_ppo,large,large_01,301,17,bc,100,0,100,0.3809,False,False,38,204,True
compact_ppo,large,large_01,301,17,bc,150,0,150,0.6026,False,False,38,204,True
compact_ppo,large,large_01,301,17,bc,200,0,200,0.8198,False,False,38,204,True
compact_ppo,large,large_01,301,17,bc,250,0,250,1.0549,False,False,38,204,True
compact_ppo,large,large_01,301,17,bc,300,0,300,1.2914,False,False,74,204,True
compact_ppo,large,large_01,301,17,bc,350,0,350,1.6249,True,True,204,204,False
compact_ppo,large,large_01,301,17,bc,400,0,400,1.8781,True,True,204,204,False
compact_ppo,large,large_01,301,17,bc,450,0,450,2.1316,True,True,204,204,False
compact_ppo,large,large_01,301,17,bc,500,0,500,2.3769,True,True,204,204,False
compact_ppo,large,large_01,301,17,bc,550,0,550,2.6481,True,True,204,204,False
compact_ppo,large,large_01,301,17,bc,600,0,600,2.8778,True,True,204,204,False
compact_ppo,large,large_01,301,17,bc,650,0,650,3.1224,True,True,204,204,False
compact_ppo,large,large_01,301,17,bc,700,0,700,3.3618,True,True,204,204,False
compact_ppo,large,large_01,301,17,bc,750,0,750,3.5995,True,True,204,204,False
compact_ppo,large,large_01,301,17,bc,800,0,800,3.823,True,True,204,204,False
compact_ppo,large,large_01,301,17,bc,850,0,850,4.028,True,True,204,204,False
compact_ppo,large,large_01,301,17,bc,900,0,900,4.2597,True,True,204,204,False
compact_ppo,large,large_01,301,17,bc,950,0,950,4.4745,True,True,204,204,False
compact_ppo,large,large_01,301,17,bc,1000,0,1000,4.6833,True,True,204,204,False
compact_ppo,large,large_01,301,17,ppo,1,512,1000,4.9395,True,True,204,204,False
compact_ppo,large,large_01,301,17,ppo,2,1024,1000,5.2145,True,True,204,204,False
compact_ppo,large,large_01,301,17,ppo,3,1536,1000,5.4848,True,True,204,204,False
compact_ppo,large,large_01,301,17,ppo,4,2048,1000,5.7195,True,True,204,204,False
compact_ppo,large,large_01,301,17,ppo,5,2560,1000,5.986,True,True,204,204,False
compact_ppo,large,large_01,301,17,ppo,6,3072,1000,6.2548,True,True,204,204,False
compact_ppo,large,large_01,301,17,ppo,7,3584,1000,6.5389,True,True,204,204,False
compact_ppo,large,large_01,301,17,ppo,8,4096,1000,6.8584,True,True,204,204,False
compact_ppo,large,large_01,301,17,ppo,9,4608,1000,7.168,True,True,204,204,False
compact_ppo,large,large_01,301,17,ppo,10,5120,1000,7.4308,True,True,204,204,False
legacy_simple_ppo,large,large_02,302,7,ppo,0,0,0,0.0,False,False,0,272,False
legacy_simple_ppo,large,large_02,302,7,ppo,1,1024,0,0.4306,False,False,0,272,False
legacy_simple_ppo,large,large_02,302,7,ppo,2,2048,0,0.9595,False,False,24,272,True
legacy_simple_ppo,large,large_02,302,7,ppo,3,3072,0,1.3656,False,False,33,272,True
legacy_simple_ppo,large,large_02,302,7,ppo,4,4096,0,1.7421,False,False,34,272,False
legacy_simple_ppo,large,large_02,302,7,ppo,5,5120,0,2.1251,False,False,30,272,True
legacy_simple_ppo,large,large_02,302,7,ppo,6,6144,0,2.5017,False,False,34,272,False
legacy_simple_ppo,large,large_02,302,7,ppo,7,7168,0,2.9058,False,False,25,272,True
legacy_simple_ppo,large,large_02,302,7,ppo,8,8192,0,3.3092,False,False,35,272,True
legacy_simple_ppo,large,large_02,302,7,ppo,9,9216,0,3.7178,False,False,26,272,True
legacy_simple_ppo,large,large_02,302,7,ppo,10,10240,0,4.1269,False,False,35,272,True
legacy_simple_ppo,large,large_02,302,7,ppo,11,11264,0,4.5615,False,False,29,272,True
legacy_simple_ppo,large,large_02,302,7,ppo,12,12288,0,4.9707,False,False,35,272,True
legacy_simple_ppo,large,large_02,302,7,ppo,13,13312,0,5.3848,False,False,30,272,True
legacy_simple_ppo,large,large_02,302,7,ppo,14,14336,0,5.7825,False,False,35,272,True
legacy_simple_ppo,large,large_02,302,7,ppo,15,15360,0,6.1714,False,False,28,272,True
legacy_simple_ppo,large,large_02,302,7,ppo,16,16384,0,6.5716,False,False,35,272,True
legacy_simple_ppo,large,large_02,302,7,ppo,17,17408,0,7.0077,False,False,31,272,True
legacy_simple_ppo,large,large_02,302,7,ppo,18,18432,0,7.4035,False,False,35,272,True
legacy_simple_ppo,large,large_02,302,7,ppo,19,19456,0,7.8125,False,False,30,272,True
legacy_simple_ppo,large,large_02,302,7,ppo,20,20480,0,8.2087,False,False,35,272,True
legacy_simple_ppo,large,large_02,302,7,ppo,21,21504,0,8.5988,False,False,34,272,True
legacy_simple_ppo,large,large_02,302,7,ppo,22,22528,0,9.006,False,False,30,272,True
legacy_simple_ppo,large,large_02,302,7,ppo,23,23552,0,9.4085,False,False,35,272,True
legacy_simple_ppo,large,large_02,302,7,ppo,24,24576,0,9.8161,False,False,33,272,True
legacy_simple_ppo,large,large_02,302,7,ppo,25,25600,0,10.2339,False,False,32,272,True
legacy_simple_ppo,large,large_02,302,7,ppo,26,26624,0,10.6616,False,False,24,272,True
legacy_simple_ppo,large,large_02,302,7,ppo,27,27648,0,11.0714,False,False,34,272,True
legacy_simple_ppo,large,large_02,302,7,ppo,28,28672,0,11.4692,False,False,35,272,True
legacy_simple_ppo,large,large_02,302,7,ppo,29,29696,0,11.872,False,False,33,272,True
legacy_simple_ppo,large,large_02,302,7,ppo,30,30720,0,12.2763,False,False,26,272,True
legacy_simple_ppo,large,large_02,302,7,ppo,31,31744,0,12.6767,False,False,35,272,True
legacy_simple_ppo,large,large_02,302,7,ppo,32,32768,0,13.0734,False,False,30,272,True
legacy_simple_ppo,large,large_02,302,7,ppo,33,33792,0,13.4809,False,False,35,272,True
legacy_simple_ppo,large,large_02,302,7,ppo,34,34816,0,13.9166,False,False,30,272,True
legacy_simple_ppo,large,large_02,302,7,ppo,35,35840,0,14.3442,False,False,35,272,True
legacy_simple_ppo,large,large_02,302,7,ppo,36,36864,0,14.7471,False,False,32,272,True
legacy_simple_ppo,large,large_02,302,7,ppo,37,37888,0,15.1202,False,False,35,272,True
legacy_simple_ppo,large,large_02,302,7,ppo,38,38912,0,15.5202,False,False,34,272,True
legacy_simple_ppo,large,large_02,302,7,ppo,39,39936,0,15.9397,False,False,35,272,True
legacy_simple_ppo,large,large_02,302,7,ppo,40,40960,0,16.3266,False,False,34,272,True
compact_ppo,large,large_02,302,7,bc,0,0,0,0.0,False,False,35,272,True
compact_ppo,large,large_02,302,7,bc,1,0,1,0.0078,False,False,37,272,True
compact_ppo,large,large_02,302,7,bc,50,0,50,0.1918,False,False,2,272,True
compact_ppo,large,large_02,302,7,bc,100,0,100,0.3872,False,False,37,272,True
compact_ppo,large,large_02,302,7,bc,150,0,150,0.5624,False,False,38,272,True
compact_ppo,large,large_02,302,7,bc,200,0,200,0.7554,False,False,38,272,True
compact_ppo,large,large_02,302,7,bc,250,0,250,0.9414,False,False,38,272,True
compact_ppo,large,large_02,302,7,bc,300,0,300,1.1287,False,False,38,272,True
compact_ppo,large,large_02,302,7,bc,350,0,350,1.3195,False,False,38,272,True
compact_ppo,large,large_02,302,7,bc,400,0,400,1.5075,False,False,38,272,True
compact_ppo,large,large_02,302,7,bc,450,0,450,1.6945,False,False,38,272,True
compact_ppo,large,large_02,302,7,bc,500,0,500,1.8871,False,False,74,272,True
compact_ppo,large,large_02,302,7,bc,550,0,550,2.0774,False,False,74,272,True
compact_ppo,large,large_02,302,7,bc,600,0,600,2.2733,False,False,74,272,True
compact_ppo,large,large_02,302,7,bc,650,0,650,2.4645,True,True,272,272,False
compact_ppo,large,large_02,302,7,bc,700,0,700,2.6933,True,True,272,272,False
compact_ppo,large,large_02,302,7,bc,750,0,750,2.917,True,True,272,272,False
compact_ppo,large,large_02,302,7,bc,800,0,800,3.1484,True,True,272,272,False
compact_ppo,large,large_02,302,7,bc,850,0,850,3.3654,True,True,272,272,False
compact_ppo,large,large_02,302,7,bc,900,0,900,3.5961,True,True,272,272,False
compact_ppo,large,large_02,302,7,bc,950,0,950,3.8201,True,True,272,272,False
compact_ppo,large,large_02,302,7,bc,1000,0,1000,4.0505,True,True,272,272,False
compact_ppo,large,large_02,302,7,ppo,1,512,1000,4.3278,False,False,2,272,True
compact_ppo,large,large_02,302,7,ppo,2,1024,1000,4.5556,False,False,2,272,True
compact_ppo,large,large_02,302,7,ppo,3,1536,1000,4.7699,False,False,74,272,True
compact_ppo,large,large_02,302,7,ppo,4,2048,1000,5.0012,False,False,74,272,True
compact_ppo,large,large_02,302,7,ppo,5,2560,1000,5.2272,False,False,2,272,True
compact_ppo,large,large_02,302,7,ppo,6,3072,1000,5.4505,False,False,2,272,True
compact_ppo,large,large_02,302,7,ppo,7,3584,1000,5.6838,False,False,105,272,True
compact_ppo,large,large_02,302,7,ppo,8,4096,1000,5.9271,False,False,106,272,True
compact_ppo,large,large_02,302,7,ppo,9,4608,1000,6.1683,False,False,190,272,True
compact_ppo,large,large_02,302,7,ppo,10,5120,1000,6.421,False,False,192,272,True
legacy_simple_ppo,large,large_02,302,17,ppo,0,0,0,0.0,False,False,31,272,False
legacy_simple_ppo,large,large_02,302,17,ppo,1,1024,0,0.3984,False,False,34,272,False
legacy_simple_ppo,large,large_02,302,17,ppo,2,2048,0,0.7986,False,False,35,272,True
legacy_simple_ppo,large,large_02,302,17,ppo,3,3072,0,1.2004,False,False,34,272,True
legacy_simple_ppo,large,large_02,302,17,ppo,4,4096,0,1.6042,False,False,35,272,True
legacy_simple_ppo,large,large_02,302,17,ppo,5,5120,0,1.9984,False,False,18,272,True
legacy_simple_ppo,large,large_02,302,17,ppo,6,6144,0,2.3821,False,False,35,272,True
legacy_simple_ppo,large,large_02,302,17,ppo,7,7168,0,2.7763,False,False,19,272,True
legacy_simple_ppo,large,large_02,302,17,ppo,8,8192,0,3.2025,False,False,35,272,True
legacy_simple_ppo,large,large_02,302,17,ppo,9,9216,0,3.6161,False,False,26,272,True
legacy_simple_ppo,large,large_02,302,17,ppo,10,10240,0,4.0235,False,False,35,272,True
legacy_simple_ppo,large,large_02,302,17,ppo,11,11264,0,4.4418,False,False,31,272,True
legacy_simple_ppo,large,large_02,302,17,ppo,12,12288,0,4.8569,False,False,35,272,True
legacy_simple_ppo,large,large_02,302,17,ppo,13,13312,0,5.3395,False,False,30,272,True
legacy_simple_ppo,large,large_02,302,17,ppo,14,14336,0,5.7711,False,False,35,272,True
legacy_simple_ppo,large,large_02,302,17,ppo,15,15360,0,6.1721,False,False,31,272,True
legacy_simple_ppo,large,large_02,302,17,ppo,16,16384,0,6.5447,False,False,35,272,True
legacy_simple_ppo,large,large_02,302,17,ppo,17,17408,0,7.0211,False,False,34,272,True
legacy_simple_ppo,large,large_02,302,17,ppo,18,18432,0,7.5195,False,False,35,272,True
legacy_simple_ppo,large,large_02,302,17,ppo,19,19456,0,7.9923,False,False,32,272,True
legacy_simple_ppo,large,large_02,302,17,ppo,20,20480,0,8.4244,False,False,35,272,True
legacy_simple_ppo,large,large_02,302,17,ppo,21,21504,0,8.8692,False,False,30,272,True
legacy_simple_ppo,large,large_02,302,17,ppo,22,22528,0,9.306,False,False,35,272,True
legacy_simple_ppo,large,large_02,302,17,ppo,23,23552,0,9.7483,False,False,34,272,True
legacy_simple_ppo,large,large_02,302,17,ppo,24,24576,0,10.2023,False,False,30,272,True
legacy_simple_ppo,large,large_02,302,17,ppo,25,25600,0,10.6474,False,False,34,272,True
legacy_simple_ppo,large,large_02,302,17,ppo,26,26624,0,11.0881,False,False,25,272,True
legacy_simple_ppo,large,large_02,302,17,ppo,27,27648,0,12.1503,False,False,35,272,True
legacy_simple_ppo,large,large_02,302,17,ppo,28,28672,0,12.8742,False,False,30,272,True
legacy_simple_ppo,large,large_02,302,17,ppo,29,29696,0,13.3532,False,False,35,272,True
legacy_simple_ppo,large,large_02,302,17,ppo,30,30720,0,13.8443,False,False,35,272,True
legacy_simple_ppo,large,large_02,302,17,ppo,31,31744,0,14.3433,False,False,35,272,True
legacy_simple_ppo,large,large_02,302,17,ppo,32,32768,0,14.8259,False,False,35,272,True
legacy_simple_ppo,large,large_02,302,17,ppo,33,33792,0,15.2514,False,False,35,272,True
legacy_simple_ppo,large,large_02,302,17,ppo,34,34816,0,15.7356,False,False,35,272,True
legacy_simple_ppo,large,large_02,302,17,ppo,35,35840,0,16.2172,False,False,32,272,True
legacy_simple_ppo,large,large_02,302,17,ppo,36,36864,0,16.6362,False,False,35,272,True
legacy_simple_ppo,large,large_02,302,17,ppo,37,37888,0,17.0908,False,False,32,272,True
legacy_simple_ppo,large,large_02,302,17,ppo,38,38912,0,17.5253,False,False,31,272,True
legacy_simple_ppo,large,large_02,302,17,ppo,39,39936,0,18.0094,False,False,35,272,True
legacy_simple_ppo,large,large_02,302,17,ppo,40,40960,0,18.3967,False,False,35,272,True
compact_ppo,large,large_02,302,17,bc,0,0,0,0.0,False,False,2,272,True
compact_ppo,large,large_02,302,17,bc,1,0,1,0.0053,False,False,38,272,True
compact_ppo,large,large_02,302,17,bc,50,0,50,0.1945,False,False,2,272,True
compact_ppo,large,large_02,302,17,bc,100,0,100,0.3887,False,False,37,272,True
compact_ppo,large,large_02,302,17,bc,150,0,150,0.6148,False,False,38,272,True
compact_ppo,large,large_02,302,17,bc,200,0,200,0.8341,False,False,38,272,True
compact_ppo,large,large_02,302,17,bc,250,0,250,1.0663,False,False,38,272,True
compact_ppo,large,large_02,302,17,bc,300,0,300,1.2951,False,False,38,272,True
compact_ppo,large,large_02,302,17,bc,350,0,350,1.5539,False,False,38,272,True
compact_ppo,large,large_02,302,17,bc,400,0,400,1.7998,False,False,38,272,True
compact_ppo,large,large_02,302,17,bc,450,0,450,2.101,False,False,74,272,True
compact_ppo,large,large_02,302,17,bc,500,0,500,2.4005,False,False,74,272,True
compact_ppo,large,large_02,302,17,bc,550,0,550,2.6539,False,False,74,272,True
compact_ppo,large,large_02,302,17,bc,600,0,600,2.926,True,True,272,272,False
compact_ppo,large,large_02,302,17,bc,650,0,650,3.2741,True,True,272,272,False
compact_ppo,large,large_02,302,17,bc,700,0,700,3.5796,True,True,272,272,False
compact_ppo,large,large_02,302,17,bc,750,0,750,3.8459,True,True,272,272,False
compact_ppo,large,large_02,302,17,bc,800,0,800,4.1306,True,True,272,272,False
compact_ppo,large,large_02,302,17,bc,850,0,850,4.3947,True,True,272,272,False
compact_ppo,large,large_02,302,17,bc,900,0,900,4.7043,True,True,272,272,False
compact_ppo,large,large_02,302,17,bc,950,0,950,4.9705,True,True,272,272,False
compact_ppo,large,large_02,302,17,bc,1000,0,1000,5.2011,True,True,272,272,False
compact_ppo,large,large_02,302,17,ppo,1,512,1000,5.4436,True,True,272,272,False
compact_ppo,large,large_02,302,17,ppo,2,1024,1000,5.686,True,True,272,272,False
compact_ppo,large,large_02,302,17,ppo,3,1536,1000,5.9375,True,True,272,272,False
compact_ppo,large,large_02,302,17,ppo,4,2048,1000,6.2159,True,True,272,272,False
compact_ppo,large,large_02,302,17,ppo,5,2560,1000,6.4847,True,True,272,272,False
compact_ppo,large,large_02,302,17,ppo,6,3072,1000,6.7411,True,True,272,272,False
compact_ppo,large,large_02,302,17,ppo,7,3584,1000,6.9931,True,True,272,272,False
compact_ppo,large,large_02,302,17,ppo,8,4096,1000,7.2614,True,True,272,272,False
compact_ppo,large,large_02,302,17,ppo,9,4608,1000,7.5758,True,True,272,272,False
compact_ppo,large,large_02,302,17,ppo,10,5120,1000,7.8433,True,True,272,272,False
